Atomic Composition,Al,Co,Cr,Cu,Fe,Hf,Mo,Nb,B,C,Li,Mn,Ta,Ti,Mg,Ni,Si,V,Sc,Sn,W,Zr,Zn,Y,Grosser,BCC,FCC,Im,HCP,B2,Group,Gp_Name,ROM Density,Measured Density,Vickers Hardness,Type_of_Test,Type of Test,Yield Strength (MPa),Tensile Strength (MPa),Elongation (%),ROM Modulus,Measured Modulus
CoFeNi,NA,33.33,NA,NA,33.33,NA,NA,NA,NA,NA,NA,NA,NA,NA,NA,33.33,NA,NA,NA,NA,NA,NA,NA,NA,1,0,1,0,0,0,1,3d TM HEAs and CCAs in the Al-Co-Cr-Fe-Mn-Ni system and derivates ,8.5,NA,125,1,C,204,NA,NA,207,NA
CoFeNi,NA,33.33,NA,NA,33.33,NA,NA,NA,NA,NA,NA,NA,NA,NA,NA,33.33,NA,NA,NA,NA,NA,NA,NA,NA,1,0,1,0,0,0,1,3d TM HEAs and CCAs in the Al-Co-Cr-Fe-Mn-Ni system and derivates ,8.5,NA,125,1,C,209,NA,NA,207,NA
CoFeNi,NA,33.33,NA,NA,33.33,NA,NA,NA,NA,NA,NA,NA,NA,NA,NA,33.33,NA,NA,NA,NA,NA,NA,NA,NA,1,0,1,0,0,0,1,3d TM HEAs and CCAs in the Al-Co-Cr-Fe-Mn-Ni system and derivates ,8.5,NA,NA,2,T,211,513,31,207,NA
CoFeNiSi0.25,NA,30.77,NA,NA,30.77,NA,NA,NA,NA,NA,NA,NA,NA,NA,NA,30.77,7.69,NA,NA,NA,NA,NA,NA,NA,1,0,1,0,0,0,1,3d TM HEAs and CCAs in the Al-Co-Cr-Fe-Mn-Ni system and derivates ,7.7,NA,149,1,C,196,NA,NA,194,NA
CoFeNiSi0.5,NA,28.57,NA,NA,28.57,NA,NA,NA,NA,NA,NA,NA,NA,NA,NA,28.57,14.29,NA,NA,NA,NA,NA,NA,NA,1,0,1,1,0,0,1,3d TM HEAs and CCAs in the Al-Co-Cr-Fe-Mn-Ni system and derivates ,7.1,NA,287,1,C,476,NA,NA,NA,NA
CoFeNiSi0.75,NA,26.67,NA,NA,26.67,NA,NA,NA,NA,NA,NA,NA,NA,NA,NA,26.67,20,NA,NA,NA,NA,NA,NA,NA,1,0,1,1,0,0,1,3d TM HEAs and CCAs in the Al-Co-Cr-Fe-Mn-Ni system and derivates ,6.6,NA,570,1,C,1301,NA,NA,NA,NA
Al0.25CoFeNi,7.69,30.77,NA,NA,30.77,NA,NA,NA,NA,NA,NA,NA,NA,NA,NA,30.77,NA,NA,NA,NA,NA,NA,NA,NA,1,0,1,0,0,0,1,3d TM HEAs and CCAs in the Al-Co-Cr-Fe-Mn-Ni system and derivates ,7.9,NA,138,1,C,158,NA,NA,196,NA
Al0.5CoFeNi,14.29,28.57,NA,NA,28.57,NA,NA,NA,NA,NA,NA,NA,NA,NA,NA,28.57,NA,NA,NA,NA,NA,NA,NA,NA,1,1,1,0,0,0,1,3d TM HEAs and CCAs in the Al-Co-Cr-Fe-Mn-Ni system and derivates ,7.4,NA,212,1,C,346,NA,NA,187,NA
Al0.75CoFeNi,20,26.67,NA,NA,26.67,NA,NA,NA,NA,NA,NA,NA,NA,NA,NA,26.67,NA,NA,NA,NA,NA,NA,NA,NA,1,1,1,0,0,0,1,3d TM HEAs and CCAs in the Al-Co-Cr-Fe-Mn-Ni system and derivates ,7,NA,385,1,C,794,NA,NA,179,NA
CoCrFeNi,NA,25,25,NA,25,NA,NA,NA,NA,NA,NA,NA,NA,NA,NA,25,NA,NA,NA,NA,NA,NA,NA,NA,1,0,1,0,0,0,1,3d TM HEAs and CCAs in the Al-Co-Cr-Fe-Mn-Ni system and derivates ,8.2,NA,NA,2,T,148,413,48,225,NA
CoCrFeNi,NA,25,25,NA,25,NA,NA,NA,NA,NA,NA,NA,NA,NA,NA,25,NA,NA,NA,NA,NA,NA,NA,NA,1,0,1,0,0,0,1,3d TM HEAs and CCAs in the Al-Co-Cr-Fe-Mn-Ni system and derivates ,8.2,NA,116,,NA,NA,NA,NA,225,NA
CoCrFeNi,NA,25,25,NA,25,NA,NA,NA,NA,NA,NA,NA,NA,NA,NA,25,NA,NA,NA,NA,NA,NA,NA,NA,1,0,1,0,0,0,1,3d TM HEAs and CCAs in the Al-Co-Cr-Fe-Mn-Ni system and derivates ,8.2,NA,113,,NA,NA,NA,NA,225,NA
CoCrFeMo0.5Ni,NA,22.22,22.22,NA,22.22,NA,11.11,NA,NA,NA,NA,NA,NA,NA,NA,22.22,NA,NA,NA,NA,NA,NA,NA,NA,1,0,1,1,0,0,1,3d TM HEAs and CCAs in the Al-Co-Cr-Fe-Mn-Ni system and derivates ,8.5,NA,210,,NA,NA,NA,NA,NA,NA
CoCrFeNb0.103Ni,NA,24.37,24.37,NA,24.37,NA,NA,2.51,NA,NA,NA,NA,NA,NA,NA,24.37,NA,NA,NA,NA,NA,NA,NA,NA,1,0,1,1,0,0,1,3d TM HEAs and CCAs in the Al-Co-Cr-Fe-Mn-Ni system and derivates ,8.2,NA,NA,2,T,318,622,19,NA,NA
CoCrFeNb0.155Ni,NA,24.07,24.07,NA,24.07,NA,NA,3.73,NA,NA,NA,NA,NA,NA,NA,24.07,NA,NA,NA,NA,NA,NA,NA,NA,1,0,1,1,0,0,1,3d TM HEAs and CCAs in the Al-Co-Cr-Fe-Mn-Ni system and derivates ,8.2,NA,NA,2,T,322,744,23,NA,NA
CoCrFeNb0.206Ni,NA,23.78,23.78,NA,23.78,NA,NA,4.9,NA,NA,NA,NA,NA,NA,NA,23.78,NA,NA,NA,NA,NA,NA,NA,NA,1,0,1,1,0,0,1,3d TM HEAs and CCAs in the Al-Co-Cr-Fe-Mn-Ni system and derivates ,8.2,NA,NA,2,T,403,807,9,NA,NA
CoCrFeNb0.309Ni,NA,23.21,23.21,NA,23.21,NA,NA,7.17,NA,NA,NA,NA,NA,NA,NA,23.21,NA,NA,NA,NA,NA,NA,NA,NA,1,0,1,1,0,0,1,3d TM HEAs and CCAs in the Al-Co-Cr-Fe-Mn-Ni system and derivates ,8.2,NA,NA,2,T,479,879,4,NA,NA
CoCrFeNb0.412Ni,NA,22.67,22.67,NA,22.67,NA,NA,9.34,NA,NA,NA,NA,NA,NA,NA,22.67,NA,NA,NA,NA,NA,NA,NA,NA,1,0,1,1,0,0,1,3d TM HEAs and CCAs in the Al-Co-Cr-Fe-Mn-Ni system and derivates ,8.2,NA,NA,2,T,638,1004,1,NA,NA
CoCrFeNiTi,NA,20,20,NA,20,NA,NA,NA,NA,NA,NA,NA,NA,20,NA,20,NA,NA,NA,NA,NA,NA,NA,NA,1,0,1,0,0,0,1,3d TM HEAs and CCAs in the Al-Co-Cr-Fe-Mn-Ni system and derivates ,7.2,NA,NA,1,C,NA,2020,9,203,135
Co1.5CrFeNi1.5Ti0.5,NA,27.27,18.18,NA,18.18,NA,NA,NA,NA,NA,NA,NA,NA,9.09,NA,27.27,NA,NA,NA,NA,NA,NA,NA,NA,1,0,1,0,0,0,1,3d TM HEAs and CCAs in the Al-Co-Cr-Fe-Mn-Ni system and derivates ,7.8,NA,509,,NA,NA,NA,NA,211,NA
Co1.5CrFeNi1.5Ti,NA,25,16.67,NA,16.67,NA,NA,NA,NA,NA,NA,NA,NA,16.67,NA,25,NA,NA,NA,NA,NA,NA,NA,NA,1,0,1,1,0,0,1,3d TM HEAs and CCAs in the Al-Co-Cr-Fe-Mn-Ni system and derivates ,7.4,NA,654,,NA,NA,NA,NA,NA,NA
Al0.25CoCrFeNi,5.88,23.53,23.53,NA,23.53,NA,NA,NA,NA,NA,NA,NA,NA,NA,NA,23.53,NA,NA,NA,NA,NA,NA,NA,NA,1,0,1,0,0,0,1,3d TM HEAs and CCAs in the Al-Co-Cr-Fe-Mn-Ni system and derivates ,7.7,NA,110,,NA,NA,NA,NA,216,NA
Al0.25CoCrFeNi,5.88,23.53,23.53,NA,23.53,NA,NA,NA,NA,NA,NA,NA,NA,NA,NA,23.53,NA,NA,NA,NA,NA,NA,NA,NA,1,0,1,0,0,0,1,3d TM HEAs and CCAs in the Al-Co-Cr-Fe-Mn-Ni system and derivates ,7.7,NA,113,,NA,NA,NA,NA,216,NA
Al0.375CoCrFeNi,8.57,22.86,22.86,NA,22.86,NA,NA,NA,NA,NA,NA,NA,NA,NA,NA,22.86,NA,NA,NA,NA,NA,NA,NA,NA,1,0,1,0,0,0,1,3d TM HEAs and CCAs in the Al-Co-Cr-Fe-Mn-Ni system and derivates ,7.5,NA,131,,NA,NA,NA,NA,211,NA
Al0.375CoCrFeNi,8.57,22.86,22.86,NA,22.86,NA,NA,NA,NA,NA,NA,NA,NA,NA,NA,22.86,NA,NA,NA,NA,NA,NA,NA,NA,1,0,1,0,0,0,1,3d TM HEAs and CCAs in the Al-Co-Cr-Fe-Mn-Ni system and derivates ,7.5,NA,196,,NA,NA,NA,NA,211,NA
Al0.5CoCrFeNi,11.11,22.22,22.22,NA,22.22,NA,NA,NA,NA,NA,NA,NA,NA,NA,NA,22.22,NA,NA,NA,NA,NA,NA,NA,NA,1,1,1,0,0,0,1,3d TM HEAs and CCAs in the Al-Co-Cr-Fe-Mn-Ni system and derivates ,7.3,NA,159,,NA,NA,NA,NA,208,NA
Al0.5CoCrFeNi,11.11,22.22,22.22,NA,22.22,NA,NA,NA,NA,NA,NA,NA,NA,NA,NA,22.22,NA,NA,NA,NA,NA,NA,NA,NA,1,1,1,0,0,0,1,3d TM HEAs and CCAs in the Al-Co-Cr-Fe-Mn-Ni system and derivates ,7.3,NA,209,,NA,NA,NA,NA,208,NA
Al0.7Co0.3CrFeNi,17.5,7.5,25,NA,25,NA,NA,NA,NA,NA,NA,NA,NA,NA,NA,25,NA,NA,NA,NA,NA,NA,NA,NA,1,1,1,0,0,1,1,3d TM HEAs and CCAs in the Al-Co-Cr-Fe-Mn-Ni system and derivates ,6.8,NA,624,1,C,2033,2635,8,NA,NA
Al0.75CoCrFeNi,15.79,21.05,21.05,NA,21.05,NA,NA,NA,NA,NA,NA,NA,NA,NA,NA,21.05,NA,NA,NA,NA,NA,NA,NA,NA,1,1,1,0,0,0,1,3d TM HEAs and CCAs in the Al-Co-Cr-Fe-Mn-Ni system and derivates ,7,NA,388,,NA,NA,NA,NA,200,NA
Al0.75CoCrFeNi,15.79,21.05,21.05,NA,21.05,NA,NA,NA,NA,NA,NA,NA,NA,NA,NA,21.05,NA,NA,NA,NA,NA,NA,NA,NA,1,1,1,0,0,0,1,3d TM HEAs and CCAs in the Al-Co-Cr-Fe-Mn-Ni system and derivates ,7,NA,280,,NA,NA,NA,NA,200,NA
Al0.875CoCrFeNi,17.95,20.51,20.51,NA,20.51,NA,NA,NA,NA,NA,NA,NA,NA,NA,NA,20.51,NA,NA,NA,NA,NA,NA,NA,NA,1,1,1,0,0,0,1,3d TM HEAs and CCAs in the Al-Co-Cr-Fe-Mn-Ni system and derivates ,6.9,NA,NA,,NA,NA,NA,NA,197,NA
Al0.875CoCrFeNi,17.95,20.51,20.51,NA,20.51,NA,NA,NA,NA,NA,NA,NA,NA,NA,NA,20.51,NA,NA,NA,NA,NA,NA,NA,NA,1,1,0,0,0,0,1,3d TM HEAs and CCAs in the Al-Co-Cr-Fe-Mn-Ni system and derivates ,6.9,NA,538,,NA,NA,NA,NA,197,NA
Al0.875CoCrFeNi,17.95,20.51,20.51,NA,20.51,NA,NA,NA,NA,NA,NA,NA,NA,NA,NA,20.51,NA,NA,NA,NA,NA,NA,NA,NA,1,1,1,0,0,0,1,3d TM HEAs and CCAs in the Al-Co-Cr-Fe-Mn-Ni system and derivates ,6.9,NA,361,,NA,NA,NA,NA,197,NA
AlCoCrFeNi,20,20,20,NA,20,NA,NA,NA,NA,NA,NA,NA,NA,NA,NA,20,NA,NA,NA,NA,NA,NA,NA,NA,1,1,0,0,0,0,1,3d TM HEAs and CCAs in the Al-Co-Cr-Fe-Mn-Ni system and derivates ,6.7,NA,484,,NA,NA,NA,NA,194,NA
AlCoCrFeNi,20,20,20,NA,20,NA,NA,NA,NA,NA,NA,NA,NA,NA,NA,20,NA,NA,NA,NA,NA,NA,NA,NA,1,1,1,0,0,0,1,3d TM HEAs and CCAs in the Al-Co-Cr-Fe-Mn-Ni system and derivates ,6.7,NA,433,,NA,NA,NA,NA,194,NA
AlCoCrFeNi,20,20,20,NA,20,NA,NA,NA,NA,NA,NA,NA,NA,NA,NA,20,NA,NA,NA,NA,NA,NA,NA,NA,1,1,0,0,0,0,1,3d TM HEAs and CCAs in the Al-Co-Cr-Fe-Mn-Ni system and derivates ,6.7,NA,395,,NA,NA,NA,NA,194,NA
AlCoCrFeNi,20,20,20,NA,20,NA,NA,NA,NA,NA,NA,NA,NA,NA,NA,20,NA,NA,NA,NA,NA,NA,NA,NA,1,1,0,0,0,0,1,3d TM HEAs and CCAs in the Al-Co-Cr-Fe-Mn-Ni system and derivates ,6.7,NA,NA,1,C,1251,2004,33,194,NA
AlCoCrFeNi,20,20,20,NA,20,NA,NA,NA,NA,NA,NA,NA,NA,NA,NA,20,NA,NA,NA,NA,NA,NA,NA,NA,1,1,0,0,0,0,1,3d TM HEAs and CCAs in the Al-Co-Cr-Fe-Mn-Ni system and derivates ,6.7,NA,NA,1,C,1051,NA,NA,194,NA
AlCoCrFeNi,20,20,20,NA,20,NA,NA,NA,NA,NA,NA,NA,NA,NA,NA,20,NA,NA,NA,NA,NA,NA,NA,NA,1,1,0,0,0,0,1,3d TM HEAs and CCAs in the Al-Co-Cr-Fe-Mn-Ni system and derivates ,6.7,NA,NA,1,C,1110,NA,NA,194,NA
AlCoCrFeNi,20,20,20,NA,20,NA,NA,NA,NA,NA,NA,NA,NA,NA,NA,20,NA,NA,NA,NA,NA,NA,NA,NA,1,1,0,0,0,0,1,3d TM HEAs and CCAs in the Al-Co-Cr-Fe-Mn-Ni system and derivates ,6.7,NA,NA,1,C,1138,NA,NA,194,125
AlCoCrFeNi,20,20,20,NA,20,NA,NA,NA,NA,NA,NA,NA,NA,NA,NA,20,NA,NA,NA,NA,NA,NA,NA,NA,1,1,0,0,0,0,1,3d TM HEAs and CCAs in the Al-Co-Cr-Fe-Mn-Ni system and derivates ,6.7,NA,NA,1,C,1138,NA,11,194,125
AlCoCrFeNi,20,20,20,NA,20,NA,NA,NA,NA,NA,NA,NA,NA,NA,NA,20,NA,NA,NA,NA,NA,NA,NA,NA,1,1,0,0,0,0,1,3d TM HEAs and CCAs in the Al-Co-Cr-Fe-Mn-Ni system and derivates ,6.7,NA,NA,1,C,1051,NA,NA,194,NA
AlCoCrFeNi,20,20,20,NA,20,NA,NA,NA,NA,NA,NA,NA,NA,NA,NA,20,NA,NA,NA,NA,NA,NA,NA,NA,1,1,0,0,0,0,1,3d TM HEAs and CCAs in the Al-Co-Cr-Fe-Mn-Ni system and derivates ,6.7,NA,520,1,C,1373,3531,25,194,NA
Al1.25CoCrFeNi,23.81,19.05,19.05,NA,19.05,NA,NA,NA,NA,NA,NA,NA,NA,NA,NA,19.05,NA,NA,NA,NA,NA,NA,NA,NA,1,1,0,0,0,0,1,3d TM HEAs and CCAs in the Al-Co-Cr-Fe-Mn-Ni system and derivates ,6.5,NA,487,,NA,NA,NA,NA,188,NA
Al1.25CoCrFeNi,23.81,19.05,19.05,NA,19.05,NA,NA,NA,NA,NA,NA,NA,NA,NA,NA,19.05,NA,NA,NA,NA,NA,NA,NA,NA,1,1,0,0,0,0,1,3d TM HEAs and CCAs in the Al-Co-Cr-Fe-Mn-Ni system and derivates ,6.5,NA,499,,NA,NA,NA,NA,188,NA
Al1.5CoCrFeNi,27.27,18.18,18.18,NA,18.18,NA,NA,NA,NA,NA,NA,NA,NA,NA,NA,18.18,NA,NA,NA,NA,NA,NA,NA,NA,1,1,0,0,0,0,1,3d TM HEAs and CCAs in the Al-Co-Cr-Fe-Mn-Ni system and derivates ,6.2,NA,484,,NA,NA,NA,NA,183,NA
Al1.5CoCrFeNi,27.27,18.18,18.18,NA,18.18,NA,NA,NA,NA,NA,NA,NA,NA,NA,NA,18.18,NA,NA,NA,NA,NA,NA,NA,NA,1,1,0,0,0,0,1,3d TM HEAs and CCAs in the Al-Co-Cr-Fe-Mn-Ni system and derivates ,6.2,NA,517,,NA,NA,NA,NA,183,NA
Al1.5CoCrFeNi,27.27,18.18,18.18,NA,18.18,NA,NA,NA,NA,NA,NA,NA,NA,NA,NA,18.18,NA,NA,NA,NA,NA,NA,NA,NA,1,1,0,0,0,0,1,3d TM HEAs and CCAs in the Al-Co-Cr-Fe-Mn-Ni system and derivates ,6.2,NA,402,,NA,NA,NA,NA,183,NA
Al2CoCrFeNi,33.33,16.67,16.67,NA,16.67,NA,NA,NA,NA,NA,NA,NA,NA,NA,NA,16.67,NA,NA,NA,NA,NA,NA,NA,NA,1,1,0,0,0,0,1,3d TM HEAs and CCAs in the Al-Co-Cr-Fe-Mn-Ni system and derivates ,5.9,NA,509,,NA,NA,NA,NA,173,NA
Al2CoCrFeNi,33.33,16.67,16.67,NA,16.67,NA,NA,NA,NA,NA,NA,NA,NA,NA,NA,16.67,NA,NA,NA,NA,NA,NA,NA,NA,1,1,0,0,0,0,1,3d TM HEAs and CCAs in the Al-Co-Cr-Fe-Mn-Ni system and derivates ,5.9,NA,512,,NA,NA,NA,NA,173,NA
Al2CoCrFeNi,33.33,16.67,16.67,NA,16.67,NA,NA,NA,NA,NA,NA,NA,NA,NA,NA,16.67,NA,NA,NA,NA,NA,NA,NA,NA,1,1,0,0,0,0,1,3d TM HEAs and CCAs in the Al-Co-Cr-Fe-Mn-Ni system and derivates ,5.9,NA,432,,NA,NA,NA,NA,173,NA
Al2.5CoCrFeNi,38.46,15.38,15.38,NA,15.38,NA,NA,NA,NA,NA,NA,NA,NA,NA,NA,15.38,NA,NA,NA,NA,NA,NA,NA,NA,1,1,0,0,0,0,1,3d TM HEAs and CCAs in the Al-Co-Cr-Fe-Mn-Ni system and derivates ,5.6,NA,487,,NA,NA,NA,NA,165,NA
Al3CoCrFeNi,42.86,14.29,14.29,NA,14.29,NA,NA,NA,NA,NA,NA,NA,NA,NA,NA,14.29,NA,NA,NA,NA,NA,NA,NA,NA,1,1,0,0,0,0,1,3d TM HEAs and CCAs in the Al-Co-Cr-Fe-Mn-Ni system and derivates ,5.3,NA,506,,NA,NA,NA,NA,158,NA
AlC0.1CoCrFeNi,19.61,19.61,19.61,NA,19.61,NA,NA,NA,NA,1.96,NA,NA,NA,NA,NA,19.61,NA,NA,NA,NA,NA,NA,NA,NA,1,1,0,1,0,0,1,3d TM HEAs and CCAs in the Al-Co-Cr-Fe-Mn-Ni system and derivates ,6.7,NA,NA,1,C,957,2550,11,NA,213
AlC0.2CoCrFeNi,19.23,19.23,19.23,NA,19.23,NA,NA,NA,NA,3.85,NA,NA,NA,NA,NA,19.23,NA,NA,NA,NA,NA,NA,NA,NA,1,1,0,1,0,0,1,3d TM HEAs and CCAs in the Al-Co-Cr-Fe-Mn-Ni system and derivates ,6.8,NA,NA,1,C,906,2386,9,NA,151
AlC0.3CoCrFeNi,18.87,18.87,18.87,NA,18.87,NA,NA,NA,NA,5.66,NA,NA,NA,NA,NA,18.87,NA,NA,NA,NA,NA,NA,NA,NA,1,1,0,1,0,0,1,3d TM HEAs and CCAs in the Al-Co-Cr-Fe-Mn-Ni system and derivates ,6.8,NA,NA,1,C,867,2178,8,NA,137
AlC0.4CoCrFeNi,18.52,18.52,18.52,NA,18.52,NA,NA,NA,NA,7.41,NA,NA,NA,NA,NA,18.52,NA,NA,NA,NA,NA,NA,NA,NA,1,1,0,1,0,0,1,3d TM HEAs and CCAs in the Al-Co-Cr-Fe-Mn-Ni system and derivates ,6.8,NA,NA,1,C,1056,2375,7,NA,156
AlC0.5CoCrFeNi,18.18,18.18,18.18,NA,18.18,NA,NA,NA,NA,9.09,NA,NA,NA,NA,NA,18.18,NA,NA,NA,NA,NA,NA,NA,NA,1,1,0,1,0,0,1,3d TM HEAs and CCAs in the Al-Co-Cr-Fe-Mn-Ni system and derivates ,6.8,NA,NA,1,C,1060,2250,6,NA,181
AlCCoCrFeNi,16.67,16.67,16.67,NA,16.67,NA,NA,NA,NA,16.67,NA,NA,NA,NA,NA,16.67,NA,NA,NA,NA,NA,NA,NA,NA,1,1,0,1,0,0,1,3d TM HEAs and CCAs in the Al-Co-Cr-Fe-Mn-Ni system and derivates ,6.9,NA,NA,1,C,1251,2166,7,NA,75
AlC1.5CoCrFeNi,15.38,15.38,15.38,NA,15.38,NA,NA,NA,NA,23.08,NA,NA,NA,NA,NA,15.38,NA,NA,NA,NA,NA,NA,NA,NA,1,1,0,1,0,0,1,3d TM HEAs and CCAs in the Al-Co-Cr-Fe-Mn-Ni system and derivates ,7,NA,NA,1,C,1255,2083,6,NA,73
Al0.5CoCrFeMo0.5Ni,10,20,20,NA,20,NA,10,NA,NA,NA,NA,NA,NA,NA,NA,20,NA,NA,NA,NA,NA,NA,NA,NA,1,0,1,1,0,0,1,3d TM HEAs and CCAs in the Al-Co-Cr-Fe-Mn-Ni system and derivates ,7.7,NA,425,,NA,NA,NA,NA,NA,NA
AlCo0.5CrFeMo0.5Ni,20,10,20,NA,20,NA,10,NA,NA,NA,NA,NA,NA,NA,NA,20,NA,NA,NA,NA,NA,NA,NA,NA,1,1,0,1,0,0,1,3d TM HEAs and CCAs in the Al-Co-Cr-Fe-Mn-Ni system and derivates ,7,NA,801,,NA,NA,NA,NA,NA,NA
AlCoCrFe0.5Mo0.5Ni,20,20,20,NA,10,NA,10,NA,NA,NA,NA,NA,NA,NA,NA,20,NA,NA,NA,NA,NA,NA,NA,NA,1,1,0,1,0,0,1,3d TM HEAs and CCAs in the Al-Co-Cr-Fe-Mn-Ni system and derivates ,7,NA,755,,NA,NA,NA,NA,NA,NA
AlCoCrFe0.6Mo0.5Ni,19.61,19.61,19.61,NA,11.76,NA,9.8,NA,NA,NA,NA,NA,NA,NA,NA,19.61,NA,NA,NA,NA,NA,NA,NA,NA,1,1,0,1,0,0,1,3d TM HEAs and CCAs in the Al-Co-Cr-Fe-Mn-Ni system and derivates ,7.1,NA,754,,NA,NA,NA,NA,NA,NA
AlCoCrFeMo0.1Ni,19.61,19.61,19.61,NA,19.61,NA,1.96,NA,NA,NA,NA,NA,NA,NA,NA,19.61,NA,NA,NA,NA,NA,NA,NA,NA,1,1,0,0,0,0,1,3d TM HEAs and CCAs in the Al-Co-Cr-Fe-Mn-Ni system and derivates ,6.8,NA,NA,1,C,1804,2280,9,196,NA
AlCoCrFeMo0.2Ni,19.23,19.23,19.23,NA,19.23,NA,3.85,NA,NA,NA,NA,NA,NA,NA,NA,19.23,NA,NA,NA,NA,NA,NA,NA,NA,1,1,0,1,0,0,1,3d TM HEAs and CCAs in the Al-Co-Cr-Fe-Mn-Ni system and derivates ,6.9,NA,NA,1,C,2456,2953,3,NA,NA
AlCoCrFeMo0.3Ni,18.87,18.87,18.87,NA,18.87,NA,5.66,NA,NA,NA,NA,NA,NA,NA,NA,18.87,NA,NA,NA,NA,NA,NA,NA,NA,1,1,0,1,0,0,1,3d TM HEAs and CCAs in the Al-Co-Cr-Fe-Mn-Ni system and derivates ,7,NA,NA,1,C,2649,3208,3,NA,NA
AlCoCrFeMo0.4Ni,18.52,18.52,18.52,NA,18.52,NA,7.41,NA,NA,NA,NA,NA,NA,NA,NA,18.52,NA,NA,NA,NA,NA,NA,NA,NA,1,1,0,1,0,0,1,3d TM HEAs and CCAs in the Al-Co-Cr-Fe-Mn-Ni system and derivates ,7,NA,NA,1,C,2670,3161,3,NA,NA
AlCoCrFeMo0.5Ni0.5,20,20,20,NA,20,NA,10,NA,NA,NA,NA,NA,NA,NA,NA,10,NA,NA,NA,NA,NA,NA,NA,NA,1,1,0,1,0,0,1,3d TM HEAs and CCAs in the Al-Co-Cr-Fe-Mn-Ni system and derivates ,7,NA,708,,NA,NA,NA,NA,NA,NA
AlCoCrFeMo0.5Ni,18.18,18.18,18.18,NA,18.18,NA,9.09,NA,NA,NA,NA,NA,NA,NA,NA,18.18,NA,NA,NA,NA,NA,NA,NA,NA,1,1,0,1,0,0,1,3d TM HEAs and CCAs in the Al-Co-Cr-Fe-Mn-Ni system and derivates ,7.1,NA,NA,1,C,2757,3036,3,NA,NA
AlCoCrFeMo0.5Ni,18.18,18.18,18.18,NA,18.18,NA,9.09,NA,NA,NA,NA,NA,NA,NA,NA,18.18,NA,NA,NA,NA,NA,NA,NA,NA,1,1,0,1,0,0,1,3d TM HEAs and CCAs in the Al-Co-Cr-Fe-Mn-Ni system and derivates ,7.1,NA,796,,NA,NA,NA,NA,NA,NA
AlCoCrFeMo0.5Ni,18.18,18.18,18.18,NA,18.18,NA,9.09,NA,NA,NA,NA,NA,NA,NA,NA,18.18,NA,NA,NA,NA,NA,NA,NA,NA,1,1,0,1,0,0,1,3d TM HEAs and CCAs in the Al-Co-Cr-Fe-Mn-Ni system and derivates ,7.1,NA,715,,NA,NA,NA,NA,NA,NA
AlCoCrFeMo0.5Ni,18.18,18.18,18.18,NA,18.18,NA,9.09,NA,NA,NA,NA,NA,NA,NA,NA,18.18,NA,NA,NA,NA,NA,NA,NA,NA,1,1,0,1,0,0,1,3d TM HEAs and CCAs in the Al-Co-Cr-Fe-Mn-Ni system and derivates ,7.1,NA,730,,NA,NA,NA,NA,NA,NA
AlCoCrFeMo0.5Ni1.5,16.67,16.67,16.67,NA,16.67,NA,8.33,NA,NA,NA,NA,NA,NA,NA,NA,25,NA,NA,NA,NA,NA,NA,NA,NA,1,1,1,1,0,0,1,3d TM HEAs and CCAs in the Al-Co-Cr-Fe-Mn-Ni system and derivates ,7.2,NA,586,,NA,NA,NA,NA,NA,NA
AlCoCrFeMo0.5Ni2,15.38,15.38,15.38,NA,15.38,NA,7.69,NA,NA,NA,NA,NA,NA,NA,NA,30.77,NA,NA,NA,NA,NA,NA,NA,NA,1,1,1,1,0,0,1,3d TM HEAs and CCAs in the Al-Co-Cr-Fe-Mn-Ni system and derivates ,7.4,NA,395,,NA,NA,NA,NA,NA,NA
AlCo1.5CrFeMo0.5Ni,16.67,25,16.67,NA,16.67,NA,8.33,NA,NA,NA,NA,NA,NA,NA,NA,16.67,NA,NA,NA,NA,NA,NA,NA,NA,1,1,0,1,0,0,1,3d TM HEAs and CCAs in the Al-Co-Cr-Fe-Mn-Ni system and derivates ,7.2,NA,741,,NA,NA,NA,NA,NA,NA
AlCo2CrFeMo0.5Ni,15.38,30.77,15.38,NA,15.38,NA,7.69,NA,NA,NA,NA,NA,NA,NA,NA,15.38,NA,NA,NA,NA,NA,NA,NA,NA,1,1,1,1,0,0,1,3d TM HEAs and CCAs in the Al-Co-Cr-Fe-Mn-Ni system and derivates ,7.3,NA,586,,NA,NA,NA,NA,NA,NA
AlCoCrFe1.5Mo0.5Ni,16.67,16.67,16.67,NA,25,NA,8.33,NA,NA,NA,NA,NA,NA,NA,NA,16.67,NA,NA,NA,NA,NA,NA,NA,NA,1,1,0,1,0,0,1,3d TM HEAs and CCAs in the Al-Co-Cr-Fe-Mn-Ni system and derivates ,7.2,NA,635,,NA,NA,NA,NA,NA,NA
AlCoCrFe2Mo0.5Ni,15.38,15.38,15.38,NA,30.77,NA,7.69,NA,NA,NA,NA,NA,NA,NA,NA,15.38,NA,NA,NA,NA,NA,NA,NA,NA,1,1,0,1,0,0,1,3d TM HEAs and CCAs in the Al-Co-Cr-Fe-Mn-Ni system and derivates ,7.2,NA,639,,NA,NA,NA,NA,NA,NA
Al1.5CoCrFeMo0.5Ni,25,16.67,16.67,NA,16.67,NA,8.33,NA,NA,NA,NA,NA,NA,NA,NA,16.67,NA,NA,NA,NA,NA,NA,NA,NA,1,1,0,1,0,0,1,3d TM HEAs and CCAs in the Al-Co-Cr-Fe-Mn-Ni system and derivates ,6.6,NA,655,,NA,NA,NA,NA,NA,NA
Al2CoCrFeMo0.5Ni,30.77,15.38,15.38,NA,15.38,NA,7.69,NA,NA,NA,NA,NA,NA,NA,NA,15.38,NA,NA,NA,NA,NA,NA,NA,NA,1,1,0,0,0,0,1,3d TM HEAs and CCAs in the Al-Co-Cr-Fe-Mn-Ni system and derivates ,6.3,NA,605,,NA,NA,NA,NA,185,NA
AlCoCrFeNb0.1Ni,19.61,19.61,19.61,NA,19.61,NA,NA,1.96,NA,NA,NA,NA,NA,NA,NA,19.61,NA,NA,NA,NA,NA,NA,NA,NA,1,1,0,0,0,0,1,3d TM HEAs and CCAs in the Al-Co-Cr-Fe-Mn-Ni system and derivates ,6.8,NA,569,1,C,1641,3285,17,192,NA
AlCoCrFeNb0.25Ni,19.05,19.05,19.05,NA,19.05,NA,NA,4.76,NA,NA,NA,NA,NA,NA,NA,19.05,NA,NA,NA,NA,NA,NA,NA,NA,1,1,0,1,0,0,1,3d TM HEAs and CCAs in the Al-Co-Cr-Fe-Mn-Ni system and derivates ,6.8,NA,668,1,C,1959,3008,11,NA,NA
AlCoCrFeNb0.5Ni,18.18,18.18,18.18,NA,18.18,NA,NA,9.09,NA,NA,NA,NA,NA,NA,NA,18.18,NA,NA,NA,NA,NA,NA,NA,NA,1,1,0,1,0,0,1,3d TM HEAs and CCAs in the Al-Co-Cr-Fe-Mn-Ni system and derivates ,7,NA,747,1,C,2473,3170,4,NA,NA
AlCoCrFeNb0.75Ni,17.39,17.39,17.39,NA,17.39,NA,NA,13.04,NA,NA,NA,NA,NA,NA,NA,17.39,NA,NA,NA,NA,NA,NA,NA,NA,1,1,0,1,0,0,1,3d TM HEAs and CCAs in the Al-Co-Cr-Fe-Mn-Ni system and derivates ,7,NA,NA,,NA,NA,NA,NA,NA,NA
AlCoCrFeNiSi0.2,19.23,19.23,19.23,NA,19.23,NA,NA,NA,NA,NA,NA,NA,NA,NA,NA,19.23,3.85,NA,NA,NA,NA,NA,NA,NA,1,1,0,0,0,0,1,3d TM HEAs and CCAs in the Al-Co-Cr-Fe-Mn-Ni system and derivates ,6.5,NA,NA,1,C,1265,2173,14,188,NA
AlCoCrFeNiSi0.4,18.52,18.52,18.52,NA,18.52,NA,NA,NA,NA,NA,NA,NA,NA,NA,NA,18.52,7.41,NA,NA,NA,NA,NA,NA,NA,1,1,0,0,0,0,1,3d TM HEAs and CCAs in the Al-Co-Cr-Fe-Mn-Ni system and derivates ,6.2,NA,NA,1,C,1481,2444,13,183,NA
AlCoCrFeNiSi0.6,17.86,17.86,17.86,NA,17.86,NA,NA,NA,NA,NA,NA,NA,NA,NA,NA,17.86,10.71,NA,NA,NA,NA,NA,NA,NA,1,1,0,0,0,0,1,3d TM HEAs and CCAs in the Al-Co-Cr-Fe-Mn-Ni system and derivates ,6,NA,NA,1,C,1834,2195,3,178,NA
AlCoCrFeNiSi0.8,17.24,17.24,17.24,NA,17.24,NA,NA,NA,NA,NA,NA,NA,NA,NA,NA,17.24,13.79,NA,NA,NA,NA,NA,NA,NA,1,1,0,1,0,0,1,3d TM HEAs and CCAs in the Al-Co-Cr-Fe-Mn-Ni system and derivates ,5.8,NA,NA,1,C,2179,2664,2,NA,NA
AlCoCrFeNiSi,16.67,16.67,16.67,NA,16.67,NA,NA,NA,NA,NA,NA,NA,NA,NA,NA,16.67,16.67,NA,NA,NA,NA,NA,NA,NA,1,1,0,0,0,0,1,3d TM HEAs and CCAs in the Al-Co-Cr-Fe-Mn-Ni system and derivates ,5.7,NA,NA,1,C,1110,NA,NA,169,NA
AlCoCrFeNiSi,16.67,16.67,16.67,NA,16.67,NA,NA,NA,NA,NA,NA,NA,NA,NA,NA,16.67,16.67,NA,NA,NA,NA,NA,NA,NA,1,1,0,1,0,0,1,3d TM HEAs and CCAs in the Al-Co-Cr-Fe-Mn-Ni system and derivates ,5.7,NA,NA,1,C,2411,2950,1,NA,NA
Al0.2Co1.5CrFeNi1.5Ti0.5,3.51,26.32,17.54,NA,17.54,NA,NA,NA,NA,NA,NA,NA,NA,8.77,NA,26.32,NA,NA,NA,NA,NA,NA,NA,NA,1,0,1,0,0,0,1,3d TM HEAs and CCAs in the Al-Co-Cr-Fe-Mn-Ni system and derivates ,7.6,NA,487,,NA,NA,NA,NA,206,NA
Al0.2Co1.5CrFeNi1.5Ti,3.23,24.19,16.13,NA,16.13,NA,NA,NA,NA,NA,NA,NA,NA,16.13,NA,24.19,NA,NA,NA,NA,NA,NA,NA,NA,1,0,1,1,0,0,1,3d TM HEAs and CCAs in the Al-Co-Cr-Fe-Mn-Ni system and derivates ,7.2,NA,717,,NA,NA,NA,NA,NA,NA
Al0.5CoCrFeNiTi,9.09,18.18,18.18,NA,18.18,NA,NA,NA,NA,NA,NA,NA,NA,18.18,NA,18.18,NA,NA,NA,NA,NA,NA,NA,NA,1,1,0,1,0,0,1,3d TM HEAs and CCAs in the Al-Co-Cr-Fe-Mn-Ni system and derivates ,6.6,NA,NA,1,C,NA,1600,10,NA,107
AlCoCrFeNiTi0.5,18.18,18.18,18.18,NA,18.18,NA,NA,NA,NA,NA,NA,NA,NA,9.09,NA,18.18,NA,NA,NA,NA,NA,NA,NA,NA,1,0,1,0,0,0,1,3d TM HEAs and CCAs in the Al-Co-Cr-Fe-Mn-Ni system and derivates ,6.4,NA,178,1,C,2040,3135,24,187,72
AlCoCrFeNiTi0.5,18.18,18.18,18.18,NA,18.18,NA,NA,NA,NA,NA,NA,NA,NA,9.09,NA,18.18,NA,NA,NA,NA,NA,NA,NA,NA,1,1,0,0,0,0,1,3d TM HEAs and CCAs in the Al-Co-Cr-Fe-Mn-Ni system and derivates ,6.4,NA,178,1,C,2260,3140,23,187,178
AlCoCrFeNiTi,16.67,16.67,16.67,NA,16.67,NA,NA,NA,NA,NA,NA,NA,NA,16.67,NA,16.67,NA,NA,NA,NA,NA,NA,NA,NA,1,1,0,0,0,0,1,3d TM HEAs and CCAs in the Al-Co-Cr-Fe-Mn-Ni system and derivates ,6.2,NA,NA,1,C,1860,2580,9,181,90
AlCoCrFeNiTi,16.67,16.67,16.67,NA,16.67,NA,NA,NA,NA,NA,NA,NA,NA,16.67,NA,16.67,NA,NA,NA,NA,NA,NA,NA,NA,1,1,0,1,0,0,1,3d TM HEAs and CCAs in the Al-Co-Cr-Fe-Mn-Ni system and derivates ,6.2,NA,NA,1,C,NA,2280,6,NA,148
AlCoCrFeNiTi1.5,15.38,15.38,15.38,NA,15.38,NA,NA,NA,NA,NA,NA,NA,NA,23.08,NA,15.38,NA,NA,NA,NA,NA,NA,NA,NA,1,1,0,1,0,0,1,3d TM HEAs and CCAs in the Al-Co-Cr-Fe-Mn-Ni system and derivates ,6.1,NA,NA,1,C,2220,2720,5,NA,160
Al1.5CoCrFeNiTi,23.08,15.38,15.38,NA,15.38,NA,NA,NA,NA,NA,NA,NA,NA,15.38,NA,15.38,NA,NA,NA,NA,NA,NA,NA,NA,1,1,0,0,0,0,1,3d TM HEAs and CCAs in the Al-Co-Cr-Fe-Mn-Ni system and derivates ,5.9,NA,NA,1,C,NA,2110,10,172,133
Al2CoCrFeNiTi,28.57,14.29,14.29,NA,14.29,NA,NA,NA,NA,NA,NA,NA,NA,14.29,NA,14.29,NA,NA,NA,NA,NA,NA,NA,NA,1,1,0,0,0,0,1,3d TM HEAs and CCAs in the Al-Co-Cr-Fe-Mn-Ni system and derivates ,5.6,NA,643,1,C,NA,1030,5,165,94
AlCoCrFeNiTiVZr,12.5,12.5,12.5,NA,12.5,NA,NA,NA,NA,NA,NA,NA,NA,12.5,NA,12.5,NA,12.5,NA,NA,NA,12.5,NA,NA,1,0,1,0,0,0,1,3d TM HEAs and CCAs in the Al-Co-Cr-Fe-Mn-Ni system and derivates ,6.3,NA,780,,NA,NA,NA,NA,NA,NA
CoCrFeMnNi,NA,20,20,NA,20,NA,NA,NA,NA,NA,NA,20,NA,NA,NA,20,NA,NA,NA,NA,NA,NA,NA,NA,1,0,1,0,0,0,1,3d TM HEAs and CCAs in the Al-Co-Cr-Fe-Mn-Ni system and derivates ,8,NA,176,2,T,208,NA,62,219,NA
CoCrFeMnNi,NA,20,20,NA,20,NA,NA,NA,NA,NA,NA,20,NA,NA,NA,20,NA,NA,NA,NA,NA,NA,NA,NA,1,0,1,0,0,0,1,3d TM HEAs and CCAs in the Al-Co-Cr-Fe-Mn-Ni system and derivates ,8,NA,144,1,C,230,NA,75,219,NA
CoCrFeMnNiV0.25,NA,19.05,19.05,NA,19.05,NA,NA,NA,NA,NA,NA,19.05,NA,NA,NA,19.05,NA,4.76,NA,NA,NA,NA,NA,NA,1,0,1,0,0,0,1,3d TM HEAs and CCAs in the Al-Co-Cr-Fe-Mn-Ni system and derivates ,7.9,NA,151,1,C,200,NA,75,215,NA
CoCrFeMnNiV0.5,NA,18.18,18.18,NA,18.18,NA,NA,NA,NA,NA,NA,18.18,NA,NA,NA,18.18,NA,9.09,NA,NA,NA,NA,NA,NA,1,0,1,0,0,0,1,3d TM HEAs and CCAs in the Al-Co-Cr-Fe-Mn-Ni system and derivates ,7.8,NA,186,1,C,620,NA,75,211,NA
CoCrFeMnNiV0.75,NA,17.39,17.39,NA,17.39,NA,NA,NA,NA,NA,NA,17.39,NA,NA,NA,17.39,NA,13.04,NA,NA,NA,NA,NA,NA,1,0,1,1,0,0,1,3d TM HEAs and CCAs in the Al-Co-Cr-Fe-Mn-Ni system and derivates ,7.7,NA,342,1,C,740,1325,8,NA,NA
CoCrFeMnNiV1.0,NA,16.67,16.67,NA,16.67,NA,NA,NA,NA,NA,NA,16.67,NA,NA,NA,16.67,NA,16.67,NA,NA,NA,NA,NA,NA,1,0,1,1,0,0,1,3d TM HEAs and CCAs in the Al-Co-Cr-Fe-Mn-Ni system and derivates ,7.7,NA,650,1,C,1660,1845,1,NA,NA
Al0.10CoCrFeMnNi,1.96,19.61,19.61,NA,19.61,NA,NA,NA,NA,NA,NA,19.61,NA,NA,NA,19.61,NA,NA,NA,NA,NA,NA,NA,NA,1,0,1,0,0,0,1,3d TM HEAs and CCAs in the Al-Co-Cr-Fe-Mn-Ni system and derivates ,7.9,NA,180,,NA,NA,NA,NA,216,NA
Al0.20CoCrFeMnNi,3.85,19.23,19.23,NA,19.23,NA,NA,NA,NA,NA,NA,19.23,NA,NA,NA,19.23,NA,NA,NA,NA,NA,NA,NA,NA,1,0,1,0,0,0,1,3d TM HEAs and CCAs in the Al-Co-Cr-Fe-Mn-Ni system and derivates ,7.7,NA,171,2,T,220,NA,56,214,NA
Al0.38CoCrFeMnNi,7.06,18.59,18.59,NA,18.59,NA,NA,NA,NA,NA,NA,18.59,NA,NA,NA,18.59,NA,NA,NA,NA,NA,NA,NA,NA,1,0,1,0,0,0,1,3d TM HEAs and CCAs in the Al-Co-Cr-Fe-Mn-Ni system and derivates ,7.5,NA,182,2,T,244,NA,45,209,NA
Al0.43CoCrFeMnNi,7.92,18.42,18.42,NA,18.42,NA,NA,NA,NA,NA,NA,18.42,NA,NA,NA,18.42,NA,NA,NA,NA,NA,NA,NA,NA,1,1,1,0,0,0,1,3d TM HEAs and CCAs in the Al-Co-Cr-Fe-Mn-Ni system and derivates ,7.4,NA,183,2,T,285,NA,35,208,NA
Al0.49CoCrFeMnNi,8.93,18.21,18.21,NA,18.21,NA,NA,NA,NA,NA,NA,18.21,NA,NA,NA,18.21,NA,NA,NA,NA,NA,NA,NA,NA,1,1,1,0,0,0,1,3d TM HEAs and CCAs in the Al-Co-Cr-Fe-Mn-Ni system and derivates ,7.4,NA,220,2,T,331,NA,29,206,NA
Al0.56CoCrFeMnNi,10.07,17.99,17.99,NA,17.99,NA,NA,NA,NA,NA,NA,17.99,NA,NA,NA,17.99,NA,NA,NA,NA,NA,NA,NA,NA,1,1,1,0,0,0,1,3d TM HEAs and CCAs in the Al-Co-Cr-Fe-Mn-Ni system and derivates ,7.3,NA,278,2,T,526,NA,16,204,NA
Al0.62CoCrFeMnNi,11.03,17.79,17.79,NA,17.79,NA,NA,NA,NA,NA,NA,17.79,NA,NA,NA,17.79,NA,NA,NA,NA,NA,NA,NA,NA,1,1,1,0,0,0,1,3d TM HEAs and CCAs in the Al-Co-Cr-Fe-Mn-Ni system and derivates ,7.2,NA,405,2,T,833,NA,5,203,NA
Al0.68CoCrFeMnNi,11.97,17.61,17.61,NA,17.61,NA,NA,NA,NA,NA,NA,17.61,NA,NA,NA,17.61,NA,NA,NA,NA,NA,NA,NA,NA,1,1,1,0,0,0,1,3d TM HEAs and CCAs in the Al-Co-Cr-Fe-Mn-Ni system and derivates ,7.2,NA,486,,NA,NA,NA,NA,202,NA
Al0.75CoCrFeMnNi,13.04,17.39,17.39,NA,17.39,NA,NA,NA,NA,NA,NA,17.39,NA,NA,NA,17.39,NA,NA,NA,NA,NA,NA,NA,NA,1,1,1,0,0,0,1,3d TM HEAs and CCAs in the Al-Co-Cr-Fe-Mn-Ni system and derivates ,7.1,NA,530,,NA,NA,NA,NA,200,NA
Al0.81CoCrFeMnNi,13.94,17.21,17.21,NA,17.21,NA,NA,NA,NA,NA,NA,17.21,NA,NA,NA,17.21,NA,NA,NA,NA,NA,NA,NA,NA,1,1,1,0,0,0,1,3d TM HEAs and CCAs in the Al-Co-Cr-Fe-Mn-Ni system and derivates ,7,NA,539,,NA,NA,NA,NA,199,NA
Al0.88CoCrFeMnNi,14.97,17.01,17.01,NA,17.01,NA,NA,NA,NA,NA,NA,17.01,NA,NA,NA,17.01,NA,NA,NA,NA,NA,NA,NA,NA,1,1,1,0,0,0,1,3d TM HEAs and CCAs in the Al-Co-Cr-Fe-Mn-Ni system and derivates ,7,NA,533,,NA,NA,NA,NA,197,NA
Al0.95CoCrFeMnNi,15.97,16.81,16.81,NA,16.81,NA,NA,NA,NA,NA,NA,16.81,NA,NA,NA,16.81,NA,NA,NA,NA,NA,NA,NA,NA,1,1,1,0,0,0,1,3d TM HEAs and CCAs in the Al-Co-Cr-Fe-Mn-Ni system and derivates ,6.9,NA,535,,NA,NA,NA,NA,196,NA
Al1.25CoCrFeMnNi,20,16,16,NA,16,NA,NA,NA,NA,NA,NA,16,NA,NA,NA,16,NA,NA,NA,NA,NA,NA,NA,NA,1,1,0,0,0,0,1,3d TM HEAs and CCAs in the Al-Co-Cr-Fe-Mn-Ni system and derivates ,6.6,NA,539,,NA,NA,NA,NA,190,NA
CoCrNi,NA,33.33,33.33,NA,NA,NA,NA,NA,NA,NA,NA,NA,NA,NA,NA,33.33,NA,NA,NA,NA,NA,NA,NA,NA,1,0,1,0,0,0,1,3d TM HEAs and CCAs in the Al-Co-Cr-Fe-Mn-Ni system and derivates ,8.3,NA,NA,2,T,300,860,60,229,NA
CoMnNi,NA,33.33,NA,NA,NA,NA,NA,NA,NA,NA,NA,33.33,NA,NA,NA,33.33,NA,NA,NA,NA,NA,NA,NA,NA,1,0,1,0,0,0,1,3d TM HEAs and CCAs in the Al-Co-Cr-Fe-Mn-Ni system and derivates ,8.4,NA,NA,2,T,231,653,38,202,NA
FeMnNi,NA,NA,NA,NA,33.33,NA,NA,NA,NA,NA,NA,33.33,NA,NA,NA,33.33,NA,NA,NA,NA,NA,NA,NA,NA,1,0,1,0,0,0,1,3d TM HEAs and CCAs in the Al-Co-Cr-Fe-Mn-Ni system and derivates ,8.1,NA,NA,2,T,221,602,36,203,NA
CoCrFeNi,NA,25,25,NA,25,NA,NA,NA,NA,NA,NA,NA,NA,NA,NA,25,NA,NA,NA,NA,NA,NA,NA,NA,1,0,1,0,0,0,1,3d TM HEAs and CCAs in the Al-Co-Cr-Fe-Mn-Ni system and derivates ,8.2,NA,NA,2,T,274,708,39,225,NA
CoCrMnNi,NA,25,25,NA,NA,NA,NA,NA,NA,NA,NA,25,NA,NA,NA,25,NA,NA,NA,NA,NA,NA,NA,NA,1,0,1,0,0,0,1,3d TM HEAs and CCAs in the Al-Co-Cr-Fe-Mn-Ni system and derivates ,8.1,NA,NA,2,T,282,694,44,222,NA
CoFeMnNi,NA,25,NA,NA,25,NA,NA,NA,NA,NA,NA,25,NA,NA,NA,25,NA,NA,NA,NA,NA,NA,NA,NA,1,0,1,0,0,0,1,3d TM HEAs and CCAs in the Al-Co-Cr-Fe-Mn-Ni system and derivates ,8.2,NA,NA,2,T,170,550,41,205,NA
Al0.5CrFe1.5MnNi0.5,11.11,NA,22.22,NA,33.33,NA,NA,NA,NA,NA,NA,22.22,NA,NA,NA,11.11,NA,NA,NA,NA,NA,NA,NA,NA,1,1,0,0,0,0,1,3d TM HEAs and CCAs in the Al-Co-Cr-Fe-Mn-Ni system and derivates ,7,NA,396,,NA,NA,NA,NA,206,NA
Al0.3CrFe1.5MnNi0.5,6.98,NA,23.26,NA,34.88,NA,NA,NA,NA,NA,NA,23.26,NA,NA,NA,11.63,NA,NA,NA,NA,NA,NA,NA,NA,1,1,1,0,0,0,1,3d TM HEAs and CCAs in the Al-Co-Cr-Fe-Mn-Ni system and derivates ,7.2,NA,297,,NA,NA,NA,NA,213,NA
AlCoCrFeMo0.5,22.22,22.22,22.22,NA,22.22,NA,11.11,NA,NA,NA,NA,NA,NA,NA,NA,NA,NA,NA,NA,NA,NA,NA,NA,NA,1,1,0,1,0,0,1,3d TM HEAs and CCAs in the Al-Co-Cr-Fe-Mn-Ni system and derivates ,6.8,NA,857,,NA,NA,NA,NA,NA,NA
AlCrFeNi,25,NA,25,NA,25,NA,NA,NA,NA,NA,NA,NA,NA,NA,NA,25,NA,NA,NA,NA,NA,NA,NA,NA,1,1,0,0,0,0,1,3d TM HEAs and CCAs in the Al-Co-Cr-Fe-Mn-Ni system and derivates ,6.3,NA,472,1,C,1406,2927,29,190,NA
AlCrFeNiMo0.2,23.81,NA,23.81,NA,23.81,NA,4.76,NA,NA,NA,NA,NA,NA,NA,NA,23.81,NA,NA,NA,NA,NA,NA,NA,NA,1,1,0,0,0,0,1,3d TM HEAs and CCAs in the Al-Co-Cr-Fe-Mn-Ni system and derivates ,6.5,NA,549,1,C,1487,3222,29,197,NA
AlCrFeNiMo0.5,22.22,NA,22.22,NA,22.22,NA,11.11,NA,NA,NA,NA,NA,NA,NA,NA,22.22,NA,NA,NA,NA,NA,NA,NA,NA,2,1,0,0,0,0,1,3d TM HEAs and CCAs in the Al-Co-Cr-Fe-Mn-Ni system and derivates ,6.8,NA,622,1,C,1749,2644,13,205,NA
AlCrFeNiMo0.8,20.83,NA,20.83,NA,20.83,NA,16.67,NA,NA,NA,NA,NA,NA,NA,NA,20.83,NA,NA,NA,NA,NA,NA,NA,NA,2,1,0,1,0,0,1,3d TM HEAs and CCAs in the Al-Co-Cr-Fe-Mn-Ni system and derivates ,7,NA,854,1,C,1513,1513,1,NA,NA
AlCrFeNiMo,20,NA,20,NA,20,NA,20,NA,NA,NA,NA,NA,NA,NA,NA,20,NA,NA,NA,NA,NA,NA,NA,NA,2,1,0,1,0,0,1,3d TM HEAs and CCAs in the Al-Co-Cr-Fe-Mn-Ni system and derivates ,7.2,NA,905,,NA,NA,NA,NA,NA,NA
CoCrCuFe,NA,25,25,25,25,NA,NA,NA,NA,NA,NA,NA,NA,NA,NA,NA,NA,NA,NA,NA,NA,NA,NA,NA,2,0,1,0,0,0,2,3d TM HEAS and CCAs in the Al-Co-Cr-Cu-Fe-Mn-Ni system and derivates ,8.2,NA,134,,NA,NA,NA,NA,206,NA
Al0.3CoCrCuFe,6.98,23.26,23.26,23.26,23.26,NA,NA,NA,NA,NA,NA,NA,NA,NA,NA,NA,NA,NA,NA,NA,NA,NA,NA,NA,2,0,1,0,0,0,2,3d TM HEAS and CCAs in the Al-Co-Cr-Cu-Fe-Mn-Ni system and derivates ,7.7,NA,180,,NA,NA,NA,NA,194,NA
Al0.5CoCrCuFe,11.11,22.22,22.22,22.22,22.22,NA,NA,NA,NA,NA,NA,NA,NA,NA,NA,NA,NA,NA,NA,NA,NA,NA,NA,NA,2,0,1,0,0,0,2,3d TM HEAS and CCAs in the Al-Co-Cr-Cu-Fe-Mn-Ni system and derivates ,7.4,NA,207,,NA,NA,NA,NA,187,NA
Al0.8CoCrCuFe,16.67,20.83,20.83,20.83,20.83,NA,NA,NA,NA,NA,NA,NA,NA,NA,NA,NA,NA,NA,NA,NA,NA,NA,NA,NA,2,1,1,0,0,0,2,3d TM HEAS and CCAs in the Al-Co-Cr-Cu-Fe-Mn-Ni system and derivates ,7,NA,271,,NA,NA,NA,NA,177,NA
AlCoCrCuFe,20,20,20,20,20,NA,NA,NA,NA,NA,NA,NA,NA,NA,NA,NA,NA,NA,NA,NA,NA,NA,NA,NA,3,1,1,0,0,0,2,3d TM HEAS and CCAs in the Al-Co-Cr-Cu-Fe-Mn-Ni system and derivates ,6.8,NA,407,,NA,NA,NA,NA,172,NA
Al1.3CoCrCuFe,24.53,18.87,18.87,18.87,18.87,NA,NA,NA,NA,NA,NA,NA,NA,NA,NA,NA,NA,NA,NA,NA,NA,NA,NA,NA,3,1,1,0,0,0,2,3d TM HEAS and CCAs in the Al-Co-Cr-Cu-Fe-Mn-Ni system and derivates ,6.5,NA,476,,NA,NA,NA,NA,165,NA
Al1.5CoCrCuFe,27.27,18.18,18.18,18.18,18.18,NA,NA,NA,NA,NA,NA,NA,NA,NA,NA,NA,NA,NA,NA,NA,NA,NA,NA,NA,3,1,1,0,0,0,2,3d TM HEAS and CCAs in the Al-Co-Cr-Cu-Fe-Mn-Ni system and derivates ,6.3,NA,510,,NA,NA,NA,NA,167,NA
Al1.8CoCrCuFe,31.03,17.24,17.24,17.24,17.24,NA,NA,NA,NA,NA,NA,NA,NA,NA,NA,NA,NA,NA,NA,NA,NA,NA,NA,NA,3,1,1,0,0,0,2,3d TM HEAS and CCAs in the Al-Co-Cr-Cu-Fe-Mn-Ni system and derivates ,6,NA,557,,NA,NA,NA,NA,155,NA
Al2.0CoCrCuFe,33.33,16.67,16.67,16.67,16.67,NA,NA,NA,NA,NA,NA,NA,NA,NA,NA,NA,NA,NA,NA,NA,NA,NA,NA,NA,3,1,1,0,0,0,2,3d TM HEAS and CCAs in the Al-Co-Cr-Cu-Fe-Mn-Ni system and derivates ,5.9,NA,567,,NA,NA,NA,NA,152,NA
Al2.3CoCrCuFe,36.51,15.87,15.87,15.87,15.87,NA,NA,NA,NA,NA,NA,NA,NA,NA,NA,NA,NA,NA,NA,NA,NA,NA,NA,NA,3,1,1,0,0,0,2,3d TM HEAS and CCAs in the Al-Co-Cr-Cu-Fe-Mn-Ni system and derivates ,5.7,NA,603,,NA,NA,NA,NA,147,NA
Al2.5CoCrCuFe,38.46,15.38,15.38,15.38,15.38,NA,NA,NA,NA,NA,NA,NA,NA,NA,NA,NA,NA,NA,NA,NA,NA,NA,NA,NA,3,1,1,0,0,0,2,3d TM HEAS and CCAs in the Al-Co-Cr-Cu-Fe-Mn-Ni system and derivates ,5.6,NA,624,,NA,NA,NA,NA,144,NA
Al2.8CoCrCuFe,41.18,14.71,14.71,14.71,14.71,NA,NA,NA,NA,NA,NA,NA,NA,NA,NA,NA,NA,NA,NA,NA,NA,NA,NA,NA,3,1,0,0,0,0,2,3d TM HEAS and CCAs in the Al-Co-Cr-Cu-Fe-Mn-Ni system and derivates ,5.5,NA,657,,NA,NA,NA,NA,140,NA
Al3.0CoCrCuFe,42.86,14.29,14.29,14.29,14.29,NA,NA,NA,NA,NA,NA,NA,NA,NA,NA,NA,NA,NA,NA,NA,NA,NA,NA,NA,3,1,0,0,0,0,2,3d TM HEAS and CCAs in the Al-Co-Cr-Cu-Fe-Mn-Ni system and derivates ,5.4,NA,644,,NA,NA,NA,NA,138,NA
CoCrCu0.5FeNi,NA,22.22,22.22,11.11,22.22,NA,NA,NA,NA,NA,NA,NA,NA,NA,NA,22.22,NA,NA,NA,NA,NA,NA,NA,NA,3,0,1,0,0,0,2,3d TM HEAS and CCAs in the Al-Co-Cr-Cu-Fe-Mn-Ni system and derivates ,8.3,NA,172,,NA,NA,NA,NA,214,NA
CoCrCuFeNi,NA,20,20,20,20,NA,NA,NA,NA,NA,NA,NA,NA,NA,NA,20,NA,NA,NA,NA,NA,NA,NA,NA,3,0,1,0,0,0,2,3d TM HEAS and CCAs in the Al-Co-Cr-Cu-Fe-Mn-Ni system and derivates ,8.3,NA,132,1,C,230,NA,NA,206,56
CoCrCuFeNi,NA,20,20,20,20,NA,NA,NA,NA,NA,NA,NA,NA,NA,NA,20,NA,NA,NA,NA,NA,NA,NA,NA,3,0,1,0,0,0,2,3d TM HEAS and CCAs in the Al-Co-Cr-Cu-Fe-Mn-Ni system and derivates ,8.3,NA,286,1,C,230,888,51,206,56
CoCrCuFeNi,NA,20,20,20,20,NA,NA,NA,NA,NA,NA,NA,NA,NA,NA,20,NA,NA,NA,NA,NA,NA,NA,NA,3,0,1,0,0,0,2,3d TM HEAS and CCAs in the Al-Co-Cr-Cu-Fe-Mn-Ni system and derivates ,8.3,NA,286,,NA,NA,NA,NA,206,NA
CoCrCuFeNiTi0.5,NA,18.18,18.18,18.18,18.18,NA,NA,NA,NA,NA,NA,NA,NA,9.09,NA,18.18,NA,NA,NA,NA,NA,NA,NA,NA,3,0,1,0,0,0,2,3d TM HEAS and CCAs in the Al-Co-Cr-Cu-Fe-Mn-Ni system and derivates ,7.8,NA,NA,1,C,700,1650,29,198,93
CoCrCuFeNiTi0.5,NA,18.18,18.18,18.18,18.18,NA,NA,NA,NA,NA,NA,NA,NA,9.09,NA,18.18,NA,NA,NA,NA,NA,NA,NA,NA,3,0,1,0,0,0,2,3d TM HEAS and CCAs in the Al-Co-Cr-Cu-Fe-Mn-Ni system and derivates ,7.8,NA,NA,1,C,700,1650,22,198,99
CoCrCuFeNiTi0.8,NA,17.24,17.24,17.24,17.24,NA,NA,NA,NA,NA,NA,NA,NA,13.79,NA,17.24,NA,NA,NA,NA,NA,NA,NA,NA,3,0,1,1,0,0,2,3d TM HEAS and CCAs in the Al-Co-Cr-Cu-Fe-Mn-Ni system and derivates ,7.6,NA,NA,1,C,1042,1848,3,NA,128
CoCrCuFeNiTi,NA,16.67,16.67,16.67,16.67,NA,NA,NA,NA,NA,NA,NA,NA,16.67,NA,16.67,NA,NA,NA,NA,NA,NA,NA,NA,3,0,1,0,0,0,2,3d TM HEAS and CCAs in the Al-Co-Cr-Cu-Fe-Mn-Ni system and derivates ,7.4,NA,NA,1,C,1272,1272,2,191,77
Al0.25CoCrCu0.5FeNiTi0.5,4.76,19.05,19.05,9.52,19.05,NA,NA,NA,NA,NA,NA,NA,NA,9.52,NA,19.05,NA,NA,NA,NA,NA,NA,NA,NA,3,0,1,0,0,0,2,3d TM HEAS and CCAs in the Al-Co-Cr-Cu-Fe-Mn-Ni system and derivates ,7.4,NA,NA,,NA,NA,NA,NA,198,NA
Al0.3CoCrCuFeNi,5.66,18.87,18.87,18.87,18.87,NA,NA,NA,NA,NA,NA,NA,NA,NA,NA,18.87,NA,NA,NA,NA,NA,NA,NA,NA,3,0,1,0,0,0,2,3d TM HEAS and CCAs in the Al-Co-Cr-Cu-Fe-Mn-Ni system and derivates ,7.9,NA,180,,NA,NA,NA,NA,198,NA
Al0.5CoCrCuFeNi,9.09,18.18,18.18,18.18,18.18,NA,NA,NA,NA,NA,NA,NA,NA,NA,NA,18.18,NA,NA,NA,NA,NA,NA,NA,NA,3,0,1,0,0,0,2,3d TM HEAS and CCAs in the Al-Co-Cr-Cu-Fe-Mn-Ni system and derivates ,7.6,NA,210,1,C,388,NA,NA,193,NA
Al0.5CoCrCuFeNi,9.09,18.18,18.18,18.18,18.18,NA,NA,NA,NA,NA,NA,NA,NA,NA,NA,18.18,NA,NA,NA,NA,NA,NA,NA,NA,3,0,1,0,0,0,2,3d TM HEAS and CCAs in the Al-Co-Cr-Cu-Fe-Mn-Ni system and derivates ,7.6,NA,300,,NA,NA,NA,NA,193,NA
Al0.5CoCrCuFeNi,9.09,18.18,18.18,18.18,18.18,NA,NA,NA,NA,NA,NA,NA,NA,NA,NA,18.18,NA,NA,NA,NA,NA,NA,NA,NA,3,0,1,0,0,0,2,3d TM HEAS and CCAs in the Al-Co-Cr-Cu-Fe-Mn-Ni system and derivates ,7.6,NA,225,,NA,NA,NA,NA,193,NA
Al0.5CoCrCuFeNi,9.09,18.18,18.18,18.18,18.18,NA,NA,NA,NA,NA,NA,NA,NA,NA,NA,18.18,NA,NA,NA,NA,NA,NA,NA,NA,3,0,1,0,0,0,2,3d TM HEAS and CCAs in the Al-Co-Cr-Cu-Fe-Mn-Ni system and derivates ,7.6,NA,215,,NA,NA,NA,NA,193,NA
Al0.8CoCrCuFeNi,13.79,17.24,17.24,17.24,17.24,NA,NA,NA,NA,NA,NA,NA,NA,NA,NA,17.24,NA,NA,NA,NA,NA,NA,NA,NA,3,1,1,0,0,0,2,3d TM HEAS and CCAs in the Al-Co-Cr-Cu-Fe-Mn-Ni system and derivates ,7.3,NA,270,,NA,NA,NA,NA,187,NA
Al0.8CoCrCuFeNi,13.79,17.24,17.24,17.24,17.24,NA,NA,NA,NA,NA,NA,NA,NA,NA,NA,17.24,NA,NA,NA,NA,NA,NA,NA,NA,3,0,1,0,0,0,2,3d TM HEAS and CCAs in the Al-Co-Cr-Cu-Fe-Mn-Ni system and derivates ,7.3,NA,270,,NA,NA,NA,NA,187,NA
AlCoCrCuFeNi,16.67,16.67,16.67,16.67,16.67,NA,NA,NA,NA,NA,NA,NA,NA,NA,NA,16.67,NA,NA,NA,NA,NA,NA,NA,NA,3,1,1,0,0,0,2,3d TM HEAS and CCAs in the Al-Co-Cr-Cu-Fe-Mn-Ni system and derivates ,7.1,NA,406,1,C,950,NA,NA,183,NA
AlCoCrCuFeNi,16.67,16.67,16.67,16.67,16.67,NA,NA,NA,NA,NA,NA,NA,NA,NA,NA,16.67,NA,NA,NA,NA,NA,NA,NA,NA,3,1,1,0,0,0,2,3d TM HEAS and CCAs in the Al-Co-Cr-Cu-Fe-Mn-Ni system and derivates ,7.1,NA,472,,NA,NA,NA,NA,184,NA
AlCoCrCuFeNi,16.67,16.67,16.67,16.67,16.67,NA,NA,NA,NA,NA,NA,NA,NA,NA,NA,16.67,NA,NA,NA,NA,NA,NA,NA,NA,3,1,1,0,0,0,2,3d TM HEAS and CCAs in the Al-Co-Cr-Cu-Fe-Mn-Ni system and derivates ,7.1,NA,NA,1,C,1303,NA,24,183,NA
AlCoCrCuFeMnNi,14.29,14.29,14.29,14.29,14.29,NA,NA,NA,NA,NA,NA,14.29,NA,NA,NA,14.29,NA,NA,NA,NA,NA,NA,NA,NA,3,1,1,1,0,0,2,3d TM HEAS and CCAs in the Al-Co-Cr-Cu-Fe-Mn-Ni system and derivates ,7.1,NA,NA,1,C,1005,NA,15,NA,NA
AlCoCrCuFeNiTi,14.29,14.29,14.29,14.29,14.29,NA,NA,NA,NA,NA,NA,NA,NA,14.29,NA,14.29,NA,NA,NA,NA,NA,NA,NA,NA,3,1,1,0,0,0,2,3d TM HEAS and CCAs in the Al-Co-Cr-Cu-Fe-Mn-Ni system and derivates ,6.6,NA,NA,1,C,1234,NA,9,174,NA
AlCoCrCuFeNiV,14.29,14.29,14.29,14.29,14.29,NA,NA,NA,NA,NA,NA,NA,NA,NA,NA,14.29,NA,14.29,NA,NA,NA,NA,NA,NA,3,1,1,0,0,0,2,3d TM HEAS and CCAs in the Al-Co-Cr-Cu-Fe-Mn-Ni system and derivates ,6.9,NA,NA,1,C,1469,NA,16,175,NA
Al1.3CoCrCuFeNi,20.63,15.87,15.87,15.87,15.87,NA,NA,NA,NA,NA,NA,NA,NA,NA,NA,15.87,NA,NA,NA,NA,NA,NA,NA,NA,3,1,1,0,0,0,2,3d TM HEAS and CCAs in the Al-Co-Cr-Cu-Fe-Mn-Ni system and derivates ,6.8,NA,470,,NA,NA,NA,NA,178,NA
Al1.5CoCrCuFeNi,23.08,15.38,15.38,15.38,15.38,NA,NA,NA,NA,NA,NA,NA,NA,NA,NA,15.38,NA,NA,NA,NA,NA,NA,NA,NA,3,1,1,0,0,0,2,3d TM HEAS and CCAs in the Al-Co-Cr-Cu-Fe-Mn-Ni system and derivates ,6.6,NA,506,,NA,NA,NA,NA,174,133
Al1.8CoCrCuFeNi,26.47,14.71,14.71,14.71,14.71,NA,NA,NA,NA,NA,NA,NA,NA,NA,NA,14.71,NA,NA,NA,NA,NA,NA,NA,NA,3,1,1,0,0,0,2,3d TM HEAS and CCAs in the Al-Co-Cr-Cu-Fe-Mn-Ni system and derivates ,6.4,NA,650,,NA,NA,NA,NA,170,NA
Al2CoCrCuFeNi,28.57,14.29,14.29,14.29,14.29,NA,NA,NA,NA,NA,NA,NA,NA,NA,NA,14.29,NA,NA,NA,NA,NA,NA,NA,NA,3,1,1,0,0,0,2,3d TM HEAS and CCAs in the Al-Co-Cr-Cu-Fe-Mn-Ni system and derivates ,6.3,NA,560,1,C,1620,NA,NA,167,NA
Al2.3CoCrCuFeNi,31.51,13.7,13.7,13.7,13.7,NA,NA,NA,NA,NA,NA,NA,NA,NA,NA,13.7,NA,NA,NA,NA,NA,NA,NA,NA,3,1,1,0,0,0,2,3d TM HEAS and CCAs in the Al-Co-Cr-Cu-Fe-Mn-Ni system and derivates ,6.1,NA,600,,NA,NA,NA,NA,163,NA
Al2.5CoCrCuFeNi,33.33,13.33,13.33,13.33,13.33,NA,NA,NA,NA,NA,NA,NA,NA,NA,NA,13.33,NA,NA,NA,NA,NA,NA,NA,NA,3,1,1,0,0,0,2,3d TM HEAS and CCAs in the Al-Co-Cr-Cu-Fe-Mn-Ni system and derivates ,6,NA,620,,NA,NA,NA,NA,161,NA
Al2.8CoCrCuFeNi,35.9,12.82,12.82,12.82,12.82,NA,NA,NA,NA,NA,NA,NA,NA,NA,NA,12.82,NA,NA,NA,NA,NA,NA,NA,NA,3,1,0,0,0,0,2,3d TM HEAS and CCAs in the Al-Co-Cr-Cu-Fe-Mn-Ni system and derivates ,5.8,NA,650,,NA,NA,NA,NA,157,NA
Al3CoCrCuFeNi,37.5,12.5,12.5,12.5,12.5,NA,NA,NA,NA,NA,NA,NA,NA,NA,NA,12.5,NA,NA,NA,NA,NA,NA,NA,NA,3,1,0,0,0,0,2,3d TM HEAS and CCAs in the Al-Co-Cr-Cu-Fe-Mn-Ni system and derivates ,5.7,NA,640,,NA,NA,NA,NA,153,NA
Al0.5B0.2CoCrCuFeNi,8.77,17.54,17.54,17.54,17.54,NA,NA,NA,3.51,NA,NA,NA,NA,NA,NA,17.54,NA,NA,NA,NA,NA,NA,NA,NA,3,0,0,0,0,0,2,3d TM HEAS and CCAs in the Al-Co-Cr-Cu-Fe-Mn-Ni system and derivates ,7.7,NA,415,,NA,NA,NA,NA,NA,NA
Al0.5B0.6CoCrCuFeNi,8.2,16.39,16.39,16.39,16.39,NA,NA,NA,9.84,NA,NA,NA,NA,NA,NA,16.39,NA,NA,NA,NA,NA,NA,NA,NA,3,0,0,0,0,0,2,3d TM HEAS and CCAs in the Al-Co-Cr-Cu-Fe-Mn-Ni system and derivates ,7.7,NA,505,,NA,NA,NA,NA,NA,NA
Al0.5BCoCrCuFeNi,7.69,15.38,15.38,15.38,15.38,NA,NA,NA,15.38,NA,NA,NA,NA,NA,NA,15.38,NA,NA,NA,NA,NA,NA,NA,NA,3,0,0,0,0,0,2,3d TM HEAS and CCAs in the Al-Co-Cr-Cu-Fe-Mn-Ni system and derivates ,7.8,NA,736,,NA,NA,NA,NA,NA,NA
Al0.5CoCrCu0.5FeNiTi0.5,9.09,18.18,18.18,9.09,18.18,NA,NA,NA,NA,NA,NA,NA,NA,9.09,NA,18.18,NA,NA,NA,NA,NA,NA,NA,NA,3,1,1,0,0,0,2,3d TM HEAS and CCAs in the Al-Co-Cr-Cu-Fe-Mn-Ni system and derivates ,7.1,NA,NA,1,C,1580,2389,17,192,161
Al0.5CoCrCuFeNiTi0.2,8.77,17.54,17.54,17.54,17.54,NA,NA,NA,NA,NA,NA,NA,NA,3.51,NA,17.54,NA,NA,NA,NA,NA,NA,NA,NA,3,0,1,0,0,0,2,3d TM HEAS and CCAs in the Al-Co-Cr-Cu-Fe-Mn-Ni system and derivates ,7.5,NA,272,,NA,NA,NA,NA,191,NA
Al0.5CoCrCuFeNiTi0.4,8.47,16.95,16.95,16.95,16.95,NA,NA,NA,NA,NA,NA,NA,NA,6.78,NA,16.95,NA,NA,NA,NA,NA,NA,NA,NA,3,0,1,0,0,0,2,3d TM HEAS and CCAs in the Al-Co-Cr-Cu-Fe-Mn-Ni system and derivates ,7.3,NA,321,,NA,NA,NA,NA,188,NA
Al0.5CoCrCuFeNiTi0.6,8.2,16.39,16.39,16.39,16.39,NA,NA,NA,NA,NA,NA,NA,NA,9.84,NA,16.39,NA,NA,NA,NA,NA,NA,NA,NA,3,1,1,0,0,0,2,3d TM HEAS and CCAs in the Al-Co-Cr-Cu-Fe-Mn-Ni system and derivates ,7.2,NA,458,,NA,NA,NA,NA,186,NA
Al0.5CoCrCuFeNiTi0.8,7.94,15.87,15.87,15.87,15.87,NA,NA,NA,NA,NA,NA,NA,NA,12.7,NA,15.87,NA,NA,NA,NA,NA,NA,NA,NA,3,1,1,0,0,0,2,3d TM HEAS and CCAs in the Al-Co-Cr-Cu-Fe-Mn-Ni system and derivates ,7.1,NA,590,,NA,NA,NA,NA,184,NA
Al0.5CoCrCuFeNiTi,7.69,15.38,15.38,15.38,15.38,NA,NA,NA,NA,NA,NA,NA,NA,15.38,NA,15.38,NA,NA,NA,NA,NA,NA,NA,NA,3,1,1,1,0,0,2,3d TM HEAS and CCAs in the Al-Co-Cr-Cu-Fe-Mn-Ni system and derivates ,7,NA,636,,NA,NA,NA,NA,NA,NA
Al0.5CoCrCuFeNiTi1.2,7.46,14.93,14.93,14.93,14.93,NA,NA,NA,NA,NA,NA,NA,NA,17.91,NA,14.93,NA,NA,NA,NA,NA,NA,NA,NA,3,1,1,1,0,0,2,3d TM HEAS and CCAs in the Al-Co-Cr-Cu-Fe-Mn-Ni system and derivates ,6.9,NA,646,,NA,NA,NA,NA,NA,NA
Al0.5CoCrCuFeNiTi1.4,7.25,14.49,14.49,14.49,14.49,NA,NA,NA,NA,NA,NA,NA,NA,20.29,NA,14.49,NA,NA,NA,NA,NA,NA,NA,NA,3,1,1,1,0,0,2,3d TM HEAS and CCAs in the Al-Co-Cr-Cu-Fe-Mn-Ni system and derivates ,6.8,NA,664,,NA,NA,NA,NA,NA,NA
Al0.5CoCrCuFeNiTi1.6,7.04,14.08,14.08,14.08,14.08,NA,NA,NA,NA,NA,NA,NA,NA,22.54,NA,14.08,NA,NA,NA,NA,NA,NA,NA,NA,3,1,1,1,0,0,2,3d TM HEAS and CCAs in the Al-Co-Cr-Cu-Fe-Mn-Ni system and derivates ,6.7,NA,657,,NA,NA,NA,NA,NA,NA
Al0.5CoCrCuFeNiTi1.8,6.85,13.7,13.7,13.7,13.7,NA,NA,NA,NA,NA,NA,NA,NA,24.66,NA,13.7,NA,NA,NA,NA,NA,NA,NA,NA,3,1,1,1,0,0,2,3d TM HEAS and CCAs in the Al-Co-Cr-Cu-Fe-Mn-Ni system and derivates ,6.6,NA,667,,NA,NA,NA,NA,NA,NA
Al0.5CoCrCuFeNiTi2,6.67,13.33,13.33,13.33,13.33,NA,NA,NA,NA,NA,NA,NA,NA,26.67,NA,13.33,NA,NA,NA,NA,NA,NA,NA,NA,3,1,1,1,0,0,2,3d TM HEAS and CCAs in the Al-Co-Cr-Cu-Fe-Mn-Ni system and derivates ,6.5,NA,696,,NA,NA,NA,NA,NA,NA
Al0.5CoCrCuFeNiV0.2,8.77,17.54,17.54,17.54,17.54,NA,NA,NA,NA,NA,NA,NA,NA,NA,NA,17.54,NA,3.51,NA,NA,NA,NA,NA,NA,3,0,1,0,0,0,2,3d TM HEAS and CCAs in the Al-Co-Cr-Cu-Fe-Mn-Ni system and derivates ,7.6,NA,204,,NA,NA,NA,NA,191,NA
Al0.5CoCrCuFeNiV0.4,8.47,16.95,16.95,16.95,16.95,NA,NA,NA,NA,NA,NA,NA,NA,NA,NA,16.95,NA,6.78,NA,NA,NA,NA,NA,NA,3,1,1,0,0,0,2,3d TM HEAS and CCAs in the Al-Co-Cr-Cu-Fe-Mn-Ni system and derivates ,7.5,NA,231,,NA,NA,NA,NA,189,NA
Al0.5CoCrCuFeNiV0.6,8.2,16.39,16.39,16.39,16.39,NA,NA,NA,NA,NA,NA,NA,NA,NA,NA,16.39,NA,9.84,NA,NA,NA,NA,NA,NA,3,1,1,1,0,0,2,3d TM HEAS and CCAs in the Al-Co-Cr-Cu-Fe-Mn-Ni system and derivates ,7.5,NA,328,,NA,NA,NA,NA,NA,NA
Al0.5CoCrCuFeNiV0.8,7.94,15.87,15.87,15.87,15.87,NA,NA,NA,NA,NA,NA,NA,NA,NA,NA,15.87,NA,12.7,NA,NA,NA,NA,NA,NA,3,1,1,1,0,0,2,3d TM HEAS and CCAs in the Al-Co-Cr-Cu-Fe-Mn-Ni system and derivates ,7.4,NA,447,,NA,NA,NA,NA,NA,NA
Al0.5CoCrCuFeNiV1.0,7.69,15.38,15.38,15.38,15.38,NA,NA,NA,NA,NA,NA,NA,NA,NA,NA,15.38,NA,15.38,NA,NA,NA,NA,NA,NA,3,1,1,1,0,0,2,3d TM HEAS and CCAs in the Al-Co-Cr-Cu-Fe-Mn-Ni system and derivates ,7.4,NA,639,,NA,NA,NA,NA,NA,NA
Al0.5CoCrCuFeNiV1.2,7.46,14.93,14.93,14.93,14.93,NA,NA,NA,NA,NA,NA,NA,NA,NA,NA,14.93,NA,17.91,NA,NA,NA,NA,NA,NA,3,1,0,0,0,0,2,3d TM HEAS and CCAs in the Al-Co-Cr-Cu-Fe-Mn-Ni system and derivates ,7.3,NA,579,,NA,NA,NA,NA,182,NA
Al0.5CoCrCuFeNiV1.4,7.25,14.49,14.49,14.49,14.49,NA,NA,NA,NA,NA,NA,NA,NA,NA,NA,14.49,NA,20.29,NA,NA,NA,NA,NA,NA,3,1,0,0,0,0,2,3d TM HEAS and CCAs in the Al-Co-Cr-Cu-Fe-Mn-Ni system and derivates ,7.3,NA,577,,NA,NA,NA,NA,180,NA
Al0.5CoCrCuFeNiV1.6,7.04,14.08,14.08,14.08,14.08,NA,NA,NA,NA,NA,NA,NA,NA,NA,NA,14.08,NA,22.54,NA,NA,NA,NA,NA,NA,3,1,0,0,0,0,2,3d TM HEAS and CCAs in the Al-Co-Cr-Cu-Fe-Mn-Ni system and derivates ,7.2,NA,594,,NA,NA,NA,NA,179,NA
Al0.5CoCrCuFeNiV1.8,6.85,13.7,13.7,13.7,13.7,NA,NA,NA,NA,NA,NA,NA,NA,NA,NA,13.7,NA,24.66,NA,NA,NA,NA,NA,NA,3,1,0,0,0,0,2,3d TM HEAS and CCAs in the Al-Co-Cr-Cu-Fe-Mn-Ni system and derivates ,7.2,NA,597,,NA,NA,NA,NA,177,NA
Al0.5CoCrCuFeNiV2.0,6.67,13.33,13.33,13.33,13.33,NA,NA,NA,NA,NA,NA,NA,NA,NA,NA,13.33,NA,26.67,NA,NA,NA,NA,NA,NA,3,1,0,0,0,0,2,3d TM HEAS and CCAs in the Al-Co-Cr-Cu-Fe-Mn-Ni system and derivates ,7.2,NA,587,,NA,NA,NA,NA,176,NA
Al0.75CoCrCu0.25FeNiTi0.5,13.64,18.18,18.18,4.55,18.18,NA,NA,NA,NA,NA,NA,NA,NA,9.09,NA,18.18,NA,NA,NA,NA,NA,NA,NA,NA,3,1,1,0,0,0,2,3d TM HEAS and CCAs in the Al-Co-Cr-Cu-Fe-Mn-Ni system and derivates ,6.8,NA,NA,1,C,1900,2697,12,189,164
AlCoCrCuNiTi,16.67,16.67,16.67,16.67,NA,NA,NA,NA,NA,NA,NA,NA,NA,16.67,NA,16.67,NA,NA,NA,NA,NA,NA,NA,NA,3,1,0,0,0,0,2,3d TM HEAS and CCAs in the Al-Co-Cr-Cu-Fe-Mn-Ni system and derivates ,6.4,NA,NA,1,C,NA,1495,8,167,36
AlCoCrCuNiTiY0.5,15.38,15.38,15.38,15.38,NA,NA,NA,NA,NA,NA,NA,NA,NA,15.38,NA,15.38,NA,NA,NA,NA,NA,NA,NA,7.69,3,0,0,1,0,0,2,3d TM HEAS and CCAs in the Al-Co-Cr-Cu-Fe-Mn-Ni system and derivates ,6.1,NA,NA,1,C,NA,1025,3,NA,36
AlCoCrCuNiTiY0.8,14.71,14.71,14.71,14.71,NA,NA,NA,NA,NA,NA,NA,NA,NA,14.71,NA,14.71,NA,NA,NA,NA,NA,NA,NA,11.76,3,0,0,1,0,0,2,3d TM HEAS and CCAs in the Al-Co-Cr-Cu-Fe-Mn-Ni system and derivates ,5.9,NA,NA,1,C,NA,1325,5,NA,38
AlCoCrCuNiTiY,14.29,14.29,14.29,14.29,NA,NA,NA,NA,NA,NA,NA,NA,NA,14.29,NA,14.29,NA,NA,NA,NA,NA,NA,NA,14.29,3,0,0,1,0,0,2,3d TM HEAS and CCAs in the Al-Co-Cr-Cu-Fe-Mn-Ni system and derivates ,5.8,NA,NA,1,C,NA,1192,4,NA,37
AlCoFeNi,25,25,NA,NA,25,NA,NA,NA,NA,NA,NA,NA,NA,NA,NA,25,NA,NA,NA,NA,NA,NA,NA,NA,3,1,0,0,0,0,2,3d TM HEAS and CCAs in the Al-Co-Cr-Cu-Fe-Mn-Ni system and derivates ,6.6,NA,456,1,C,964,NA,NA,173,NA
AlCoFeNiTiVZr,14.29,14.29,NA,NA,14.29,NA,NA,NA,NA,NA,NA,NA,NA,14.29,NA,14.29,NA,14.29,NA,NA,NA,14.29,NA,NA,3,1,0,0,0,0,2,3d TM HEAS and CCAs in the Al-Co-Cr-Cu-Fe-Mn-Ni system and derivates ,6.2,NA,790,,NA,NA,NA,NA,143,NA
CoCuFeNi,NA,25,NA,25,25,NA,NA,NA,NA,NA,NA,NA,NA,NA,NA,25,NA,NA,NA,NA,NA,NA,NA,NA,3,0,1,0,0,0,2,3d TM HEAS and CCAs in the Al-Co-Cr-Cu-Fe-Mn-Ni system and derivates ,8.6,NA,NA,2,T,NA,480,15,188,NA
CoCuFeNiSn0.02,NA,24.88,NA,24.88,24.88,NA,NA,NA,NA,NA,NA,NA,NA,NA,NA,24.88,NA,NA,NA,0.5,NA,NA,NA,NA,3,0,1,0,0,0,2,3d TM HEAS and CCAs in the Al-Co-Cr-Cu-Fe-Mn-Ni system and derivates ,8.6,NA,NA,2,T,NA,548,17,187,NA
CoCuFeNiSn0.04,NA,24.75,NA,24.75,24.75,NA,NA,NA,NA,NA,NA,NA,NA,NA,NA,24.75,NA,NA,NA,0.99,NA,NA,NA,NA,3,0,1,1,0,0,2,3d TM HEAS and CCAs in the Al-Co-Cr-Cu-Fe-Mn-Ni system and derivates ,8.6,NA,NA,2,T,NA,594,18,NA,NA
CoCuFeNiSn0.05,NA,24.69,NA,24.69,24.69,NA,NA,NA,NA,NA,NA,NA,NA,NA,NA,24.69,NA,NA,NA,1.23,NA,NA,NA,NA,3,0,1,1,0,0,2,3d TM HEAS and CCAs in the Al-Co-Cr-Cu-Fe-Mn-Ni system and derivates ,8.6,NA,NA,2,T,NA,615,20,NA,NA
CoCuFeNiSn0.07,NA,24.57,NA,24.57,24.57,NA,NA,NA,NA,NA,NA,NA,NA,NA,NA,24.57,NA,NA,NA,1.72,NA,NA,NA,NA,3,0,1,1,0,0,2,3d TM HEAS and CCAs in the Al-Co-Cr-Cu-Fe-Mn-Ni system and derivates ,8.6,NA,NA,2,T,NA,632,19,NA,NA
CoCuFeNiSn0.1,NA,24.39,NA,24.39,24.39,NA,NA,NA,NA,NA,NA,NA,NA,NA,NA,24.39,NA,NA,NA,2.44,NA,NA,NA,NA,3,0,1,1,0,0,2,3d TM HEAS and CCAs in the Al-Co-Cr-Cu-Fe-Mn-Ni system and derivates ,8.6,NA,NA,2,T,NA,602,5,NA,NA
CoCuFeNiSn0.2,NA,23.81,NA,23.81,23.81,NA,NA,NA,NA,NA,NA,NA,NA,NA,NA,23.81,NA,NA,NA,4.76,NA,NA,NA,NA,3,0,1,1,0,0,2,3d TM HEAS and CCAs in the Al-Co-Cr-Cu-Fe-Mn-Ni system and derivates ,8.5,NA,NA,2,T,NA,261,2,NA,NA
CoCuFeNiSn0.5,NA,22.22,NA,22.22,22.22,NA,NA,NA,NA,NA,NA,NA,NA,NA,NA,22.22,NA,NA,NA,11.11,NA,NA,NA,NA,3,0,1,1,0,0,2,3d TM HEAS and CCAs in the Al-Co-Cr-Cu-Fe-Mn-Ni system and derivates ,8.3,NA,NA,,NA,NA,NA,NA,NA,NA
AlCoCuFeNi,20,20,NA,20,20,NA,NA,NA,NA,NA,NA,NA,NA,NA,NA,20,NA,NA,NA,NA,NA,NA,NA,NA,3,1,1,0,0,0,2,3d TM HEAS and CCAs in the Al-Co-Cr-Cu-Fe-Mn-Ni system and derivates ,7,NA,536,,NA,NA,NA,NA,164,NA
AlCoCuFeNbNi,16.67,16.67,NA,16.67,16.67,NA,NA,16.67,NA,NA,NA,NA,NA,NA,NA,16.67,NA,NA,NA,NA,NA,NA,NA,NA,3,0,0,1,0,0,2,3d TM HEAS and CCAs in the Al-Co-Cr-Cu-Fe-Mn-Ni system and derivates ,7.4,NA,578,,NA,NA,NA,NA,NA,NA
AlCoCuFeNiSi,16.67,16.67,NA,16.67,16.67,NA,NA,NA,NA,NA,NA,NA,NA,NA,NA,16.67,16.67,NA,NA,NA,NA,NA,NA,NA,3,1,1,0,0,0,2,3d TM HEAS and CCAs in the Al-Co-Cr-Cu-Fe-Mn-Ni system and derivates ,5.9,NA,682,,NA,NA,NA,NA,145,NA
AlCoCuFeNiTi,16.67,16.67,NA,16.67,16.67,NA,NA,NA,NA,NA,NA,NA,NA,16.67,NA,16.67,NA,NA,NA,NA,NA,NA,NA,NA,3,1,1,0,0,0,2,3d TM HEAS and CCAs in the Al-Co-Cr-Cu-Fe-Mn-Ni system and derivates ,6.5,NA,626,,NA,NA,NA,NA,156,NA
AlCoCuFeNiZr,16.67,16.67,NA,16.67,16.67,NA,NA,NA,NA,NA,NA,NA,NA,NA,NA,16.67,NA,NA,NA,NA,NA,16.67,NA,NA,3,1,1,1,0,0,2,3d TM HEAS and CCAs in the Al-Co-Cr-Cu-Fe-Mn-Ni system and derivates ,6.9,NA,472,,NA,NA,NA,NA,NA,NA
CoCuFeMnNi,NA,20,NA,20,20,NA,NA,NA,NA,NA,NA,20,NA,NA,NA,20,NA,NA,NA,NA,NA,NA,NA,NA,3,0,1,0,0,0,2,3d TM HEAS and CCAs in the Al-Co-Cr-Cu-Fe-Mn-Ni system and derivates ,8.4,NA,208,2,T,NA,478,14,190,NA
CoCuFeMnNiSn0.03,NA,19.88,NA,19.88,19.88,NA,NA,NA,NA,NA,NA,19.88,NA,NA,NA,19.88,NA,NA,NA,0.6,NA,NA,NA,NA,3,0,1,0,0,0,2,3d TM HEAS and CCAs in the Al-Co-Cr-Cu-Fe-Mn-Ni system and derivates ,8.4,NA,192,2,T,NA,465,18,NA,NA
CoCuFeMnNiSn0.05,NA,19.8,NA,19.8,19.8,NA,NA,NA,NA,NA,NA,19.8,NA,NA,NA,19.8,NA,NA,NA,0.99,NA,NA,NA,NA,3,0,1,1,0,0,2,3d TM HEAS and CCAs in the Al-Co-Cr-Cu-Fe-Mn-Ni system and derivates ,8.4,NA,205,2,T,NA,475,12,NA,NA
CoCuFeMnNiSn0.08,NA,19.69,NA,19.69,19.69,NA,NA,NA,NA,NA,NA,19.69,NA,NA,NA,19.69,NA,NA,NA,1.57,NA,NA,NA,NA,3,0,1,1,0,0,2,3d TM HEAS and CCAs in the Al-Co-Cr-Cu-Fe-Mn-Ni system and derivates ,8.3,NA,219,2,T,NA,425,7,NA,NA
CoCuFeMnNiSn0.10,NA,19.61,NA,19.61,19.61,NA,NA,NA,NA,NA,NA,19.61,NA,NA,NA,19.61,NA,NA,NA,1.96,NA,NA,NA,NA,3,0,1,1,0,0,2,3d TM HEAS and CCAs in the Al-Co-Cr-Cu-Fe-Mn-Ni system and derivates ,8.3,NA,253,2,T,NA,470,6,NA,NA
CoCuFeMnNiSn0.20,NA,19.23,NA,19.23,19.23,NA,NA,NA,NA,NA,NA,19.23,NA,NA,NA,19.23,NA,NA,NA,3.85,NA,NA,NA,NA,3,0,1,1,0,0,2,3d TM HEAS and CCAs in the Al-Co-Cr-Cu-Fe-Mn-Ni system and derivates ,8.3,NA,319,2,T,NA,368,2,NA,NA
CrCuFeMnNi,NA,NA,20,20,20,NA,NA,NA,NA,NA,NA,20,NA,NA,NA,20,NA,NA,NA,NA,NA,NA,NA,NA,3,1,1,0,0,0,2,3d TM HEAS and CCAs in the Al-Co-Cr-Cu-Fe-Mn-Ni system and derivates ,8.1,NA,296,,NA,NA,NA,NA,204,NA
CrCuFeMoNi,NA,NA,20,20,20,NA,20,NA,NA,NA,NA,NA,NA,NA,NA,20,NA,NA,NA,NA,NA,NA,NA,NA,3,0,1,0,0,0,2,3d TM HEAS and CCAs in the Al-Co-Cr-Cu-Fe-Mn-Ni system and derivates ,8.7,NA,263,,NA,NA,NA,NA,230,NA
AlCrCuFeNi0.6,21.74,NA,21.74,21.74,21.74,NA,NA,NA,NA,NA,NA,NA,NA,NA,NA,13.04,NA,NA,NA,NA,NA,NA,NA,NA,3,1,1,0,0,0,2,3d TM HEAS and CCAs in the Al-Co-Cr-Cu-Fe-Mn-Ni system and derivates ,6.6,NA,496,,NA,NA,NA,NA,176,NA
AlCrCuFeNi0.8,20.83,NA,20.83,20.83,20.83,NA,NA,NA,NA,NA,NA,NA,NA,NA,NA,16.67,NA,NA,NA,NA,NA,NA,NA,NA,3,1,1,0,0,0,2,3d TM HEAS and CCAs in the Al-Co-Cr-Cu-Fe-Mn-Ni system and derivates ,6.7,NA,486,,NA,NA,NA,NA,177,NA
AlCrCuFeNi,20,NA,20,20,20,NA,NA,NA,NA,NA,NA,NA,NA,NA,NA,20,NA,NA,NA,NA,NA,NA,NA,NA,3,1,1,0,0,0,2,3d TM HEAS and CCAs in the Al-Co-Cr-Cu-Fe-Mn-Ni system and derivates ,6.8,NA,495,,NA,NA,NA,NA,178,NA
AlCrCuFeNi1.2,19.23,NA,19.23,19.23,19.23,NA,NA,NA,NA,NA,NA,NA,NA,NA,NA,23.08,NA,NA,NA,NA,NA,NA,NA,NA,3,1,1,0,0,0,2,3d TM HEAS and CCAs in the Al-Co-Cr-Cu-Fe-Mn-Ni system and derivates ,6.8,NA,407,,NA,NA,NA,NA,179,NA
AlCrCuFeNi1.4,18.52,NA,18.52,18.52,18.52,NA,NA,NA,NA,NA,NA,NA,NA,NA,NA,25.93,NA,NA,NA,NA,NA,NA,NA,NA,3,1,1,0,0,0,2,3d TM HEAS and CCAs in the Al-Co-Cr-Cu-Fe-Mn-Ni system and derivates ,6.9,NA,367,,NA,NA,NA,NA,180,NA
AlCrCuFeNi2,16.67,NA,16.67,16.67,16.67,NA,NA,NA,NA,NA,NA,NA,NA,NA,NA,33.33,NA,NA,NA,NA,NA,NA,NA,NA,3,1,1,0,0,0,2,3d TM HEAS and CCAs in the Al-Co-Cr-Cu-Fe-Mn-Ni system and derivates ,7.1,NA,NA,,NA,NA,NA,NA,182,NA
AlCrCuFeNiTi,16.67,NA,16.67,16.67,16.67,NA,NA,NA,NA,NA,NA,NA,NA,16.67,NA,16.67,NA,NA,NA,NA,NA,NA,NA,NA,3,1,0,1,0,0,2,3d TM HEAS and CCAs in the Al-Co-Cr-Cu-Fe-Mn-Ni system and derivates ,6.3,NA,NA,1,C,NA,1219,NA,NA,NA
Al0.2CrCuFeNi2,3.85,NA,19.23,19.23,19.23,NA,NA,NA,NA,NA,NA,NA,NA,NA,NA,38.46,NA,NA,NA,NA,NA,NA,NA,NA,3,0,1,0,0,0,2,3d TM HEAS and CCAs in the Al-Co-Cr-Cu-Fe-Mn-Ni system and derivates ,8,NA,NA,,NA,NA,NA,NA,199,NA
Al0.4CrCuFeNi2,7.41,NA,18.52,18.52,18.52,NA,NA,NA,NA,NA,NA,NA,NA,NA,NA,37.04,NA,NA,NA,NA,NA,NA,NA,NA,3,0,1,0,0,0,2,3d TM HEAS and CCAs in the Al-Co-Cr-Cu-Fe-Mn-Ni system and derivates ,7.8,NA,NA,,NA,NA,NA,NA,194,NA
Al0.6CrCuFeNi2,10.71,NA,17.86,17.86,17.86,NA,NA,NA,NA,NA,NA,NA,NA,NA,NA,35.71,NA,NA,NA,NA,NA,NA,NA,NA,3,0,1,0,0,0,2,3d TM HEAS and CCAs in the Al-Co-Cr-Cu-Fe-Mn-Ni system and derivates ,7.5,NA,NA,,NA,NA,NA,NA,190,NA
Al0.8CrCuFeNi2,13.79,NA,17.24,17.24,17.24,NA,NA,NA,NA,NA,NA,NA,NA,NA,NA,34.48,NA,NA,NA,NA,NA,NA,NA,NA,3,0,1,0,0,0,2,3d TM HEAS and CCAs in the Al-Co-Cr-Cu-Fe-Mn-Ni system and derivates ,7.3,NA,NA,,NA,NA,NA,NA,186,NA
Al1.2CrCuFeNi2,19.35,NA,16.13,16.13,16.13,NA,NA,NA,NA,NA,NA,NA,NA,NA,NA,32.26,NA,NA,NA,NA,NA,NA,NA,NA,3,1,1,0,0,0,2,3d TM HEAS and CCAs in the Al-Co-Cr-Cu-Fe-Mn-Ni system and derivates ,6.9,NA,NA,,NA,NA,NA,NA,178,NA
AlCrCuFeNi,20,NA,20,20,20,NA,NA,NA,NA,NA,NA,NA,NA,NA,NA,20,NA,NA,NA,NA,NA,NA,NA,NA,3,1,1,0,0,0,2,3d TM HEAS and CCAs in the Al-Co-Cr-Cu-Fe-Mn-Ni system and derivates ,6.8,NA,342,,NA,NA,NA,NA,178,NA
Al1.125CuFe0.75NiTi1.125,22.5,NA,NA,20,15,NA,NA,NA,NA,NA,NA,NA,NA,22.5,NA,20,NA,NA,NA,NA,NA,NA,NA,NA,3,0,1,0,0,0,2,3d TM HEAS and CCAs in the Al-Co-Cr-Cu-Fe-Mn-Ni system and derivates ,5.9,NA,516,1,C,980,1326,7,140,145
Al22.5Cu20Fe15Ni20Ti22.5,22.22,NA,NA,20.2,15.15,NA,NA,NA,NA,NA,NA,NA,NA,22.22,NA,20.2,NA,NA,NA,NA,NA,NA,NA,NA,3,0,1,0,0,0,2,3d TM HEAS and CCAs in the Al-Co-Cr-Cu-Fe-Mn-Ni system and derivates ,5.9,NA,516,1,C,980,1326,7,140,145
AlCuFeNiTi,20,NA,NA,20,20,NA,NA,NA,NA,NA,NA,NA,NA,20,NA,20,NA,NA,NA,NA,NA,NA,NA,NA,3,0,1,0,0,0,2,3d TM HEAS and CCAs in the Al-Co-Cr-Cu-Fe-Mn-Ni system and derivates ,6.1,NA,516,1,C,1074,1617,8,145,146
AlCuNiTi,25,NA,NA,25,NA,NA,NA,NA,NA,NA,NA,NA,NA,25,NA,25,NA,NA,NA,NA,NA,NA,NA,NA,3,0,1,0,0,0,2,3d TM HEAS and CCAs in the Al-Co-Cr-Cu-Fe-Mn-Ni system and derivates ,5.7,NA,537,1,C,300,536,1,129,108
AlLi0.5MgSn0.2Zn0.5,31.25,NA,NA,NA,NA,NA,NA,NA,NA,NA,15.62,NA,NA,NA,31.25,NA,NA,NA,NA,6.25,NA,NA,15.62,NA,3,0,1,1,0,0,3,Light metal base HEAs and CCAs ,2.9,NA,NA,1,C,546,546,NA,NA,NA
AlLiMg0.5ScTi1.5,20,NA,NA,NA,NA,NA,NA,NA,NA,NA,20,NA,NA,30,10,NA,NA,NA,20,NA,NA,NA,NA,NA,3,0,1,0,1,0,3,Light metal base HEAs and CCAs ,2.7,NA,591,,NA,NA,NA,NA,69,NA
AlLiMgSnZn,20,NA,NA,NA,NA,NA,NA,NA,NA,NA,20,NA,NA,NA,20,NA,NA,NA,NA,20,NA,NA,20,NA,3,0,1,1,1,0,3,Light metal base HEAs and CCAs ,3.9,NA,NA,1,C,600,615,1,NA,NA
Al8Li0.5Mg0.5Sn0.5Zn0.5,80,NA,NA,NA,NA,NA,NA,NA,NA,NA,5,NA,NA,NA,5,NA,NA,NA,NA,5,NA,NA,5,NA,3,0,1,1,0,0,3,Light metal base HEAs and CCAs ,3,NA,NA,1,C,415,836,16,NA,NA
Al8Cu0.5Li0.5Mg0.5Zn0.5,80,NA,NA,5,NA,NA,NA,NA,NA,NA,5,NA,NA,NA,5,NA,NA,NA,NA,NA,NA,NA,5,NA,3,0,1,1,0,0,3,Light metal base HEAs and CCAs ,NA,NA,NA,1,C,488,879,17,NA,NA
AlCu0.2Li0.5MgZn0.5,31.25,NA,NA,6.25,NA,NA,NA,NA,NA,NA,15.62,NA,NA,NA,31.25,NA,NA,NA,NA,NA,NA,NA,15.62,NA,3,0,0,1,0,0,3,Light metal base HEAs and CCAs ,2.7,NA,NA,,NA,NA,NA,NA,NA,NA
AlCu0.5Li0.5MgSn0.2,31.25,NA,NA,15.62,NA,NA,NA,NA,NA,NA,15.62,NA,NA,NA,31.25,NA,NA,NA,NA,6.25,NA,NA,NA,NA,3,0,0,1,0,0,3,Light metal base HEAs and CCAs ,3,NA,NA,,NA,NA,NA,NA,NA,NA
AlCr0.5NbTiV,22.22,NA,11.11,NA,NA,NA,NA,22.22,NA,NA,NA,NA,NA,22.22,NA,NA,NA,22.22,NA,NA,NA,NA,NA,NA,4,1,0,0,0,0,4,Refractory metal base HEAs and CCAs ,5.6,NA,NA,1,C,1300,1430,1,124,NA
AlCrNbTiV,20,NA,20,NA,NA,NA,NA,20,NA,NA,NA,NA,NA,20,NA,NA,NA,20,NA,NA,NA,NA,NA,NA,4,1,0,1,0,0,4,Refractory metal base HEAs and CCAs ,5.8,NA,NA,1,C,1550,1570,1,NA,NA
AlCr1.5NbTiV,18.18,NA,27.27,NA,NA,NA,NA,18.18,NA,NA,NA,NA,NA,18.18,NA,NA,NA,18.18,NA,NA,NA,NA,NA,NA,4,0,1,1,0,0,4,Refractory metal base HEAs and CCAs ,5.9,NA,NA,1,C,1700,1700,1,NA,NA
Al0.4Hf0.6NbTaTiZr,8,NA,NA,NA,NA,12,NA,20,NA,NA,NA,NA,20,20,NA,NA,NA,NA,NA,NA,NA,20,NA,NA,4,1,0,0,0,0,4,Refractory metal base HEAs and CCAs ,9.1,NA,500,1,C,1841,2269,10,110,NA
Al0.3HfNbTaTiZr,5.66,NA,NA,NA,NA,18.87,NA,18.87,NA,NA,NA,NA,18.87,18.87,NA,NA,NA,NA,NA,NA,NA,18.87,NA,NA,4,1,0,0,0,0,4,Refractory metal base HEAs and CCAs ,9.6,9.5,353,1,C,1188,NA,50,108,63
Al0.5HfNbTaTiZr,9.09,NA,NA,NA,NA,18.18,NA,18.18,NA,NA,NA,NA,18.18,18.18,NA,NA,NA,NA,NA,NA,NA,18.18,NA,NA,4,1,0,0,0,0,4,Refractory metal base HEAs and CCAs ,9.3,9.34,396,1,C,1302,NA,46,107,97
Al0.75HfNbTaTiZr,13.04,NA,NA,NA,NA,17.39,NA,17.39,NA,NA,NA,NA,17.39,17.39,NA,NA,NA,NA,NA,NA,NA,17.39,NA,NA,4,1,0,0,0,0,4,Refractory metal base HEAs and CCAs ,9.1,9.3,427,1,C,1415,NA,30,105,102
AlMo0.5NbTa0.5TiZr,20,NA,NA,NA,NA,NA,10,20,NA,NA,NA,NA,10,20,NA,NA,NA,NA,NA,NA,NA,20,NA,NA,4,1,0,0,0,0,4,Refractory metal base HEAs and CCAs ,7.1,NA,591,1,C,2000,2368,10,123,NA
Al0.25MoNbTiV,5.88,NA,NA,NA,NA,NA,23.53,23.53,NA,NA,NA,NA,NA,23.53,NA,NA,NA,23.53,NA,NA,NA,NA,NA,NA,4,1,0,0,0,0,4,Refractory metal base HEAs and CCAs ,7.1,NA,460,1,C,1250,NA,13,164,NA
Al0.5MoNbTiV,11.11,NA,NA,NA,NA,NA,22.22,22.22,NA,NA,NA,NA,NA,22.22,NA,NA,NA,22.22,NA,NA,NA,NA,NA,NA,4,1,0,0,0,0,4,Refractory metal base HEAs and CCAs ,6.8,NA,487,1,C,1625,NA,11,158,NA
Al0.75MoNbTiV,15.79,NA,NA,NA,NA,NA,21.05,21.05,NA,NA,NA,NA,NA,21.05,NA,NA,NA,21.05,NA,NA,NA,NA,NA,NA,4,1,0,0,0,0,4,Refractory metal base HEAs and CCAs ,6.6,NA,517,1,C,1260,NA,8,154,NA
AlMoNbTiV,20,NA,NA,NA,NA,NA,20,20,NA,NA,NA,NA,NA,20,NA,NA,NA,20,NA,NA,NA,NA,NA,NA,4,1,0,0,0,0,4,Refractory metal base HEAs and CCAs ,6.4,NA,537,1,C,1375,NA,3,150,NA
Al0.25NbTaTiV,5.88,NA,NA,NA,NA,NA,NA,23.53,NA,NA,NA,NA,23.53,23.53,NA,NA,NA,23.53,NA,NA,NA,NA,NA,NA,4,1,0,0,0,0,4,Refractory metal base HEAs and CCAs ,8.8,NA,NA,1,C,1330,NA,NA,130,92
Al0.5NbTaTiV,11.11,NA,NA,NA,NA,NA,NA,22.22,NA,NA,NA,NA,22.22,22.22,NA,NA,NA,22.22,NA,NA,NA,NA,NA,NA,4,1,0,0,0,0,4,Refractory metal base HEAs and CCAs ,8.5,NA,NA,1,C,1014,NA,NA,127,97
AlNbTaTiV,20,NA,NA,NA,NA,NA,NA,20,NA,NA,NA,NA,20,20,NA,NA,NA,20,NA,NA,NA,NA,NA,NA,4,1,0,0,0,0,4,Refractory metal base HEAs and CCAs ,7.9,NA,NA,1,C,993,NA,NA,121,101
Al0.3NbTa0.8Ti1.4V0.2Zr1.3,6,NA,NA,NA,NA,NA,NA,20,NA,NA,NA,NA,16,28,NA,NA,NA,4,NA,NA,NA,26,NA,NA,4,1,0,0,0,0,4,Refractory metal base HEAs and CCAs ,7.7,NA,500,1,C,1965,2061,5,110,NA
Al0.5NbTa0.8Ti1.5V0.2Zr,10,NA,NA,NA,NA,NA,NA,20,NA,NA,NA,NA,16,30,NA,NA,NA,4,NA,NA,NA,20,NA,NA,4,1,0,0,0,0,4,Refractory metal base HEAs and CCAs ,7.6,NA,530,1,C,2035,2105,5,111,NA
Al0.3NbTaTi1.4Zr1.3,6,NA,NA,NA,NA,NA,NA,20,NA,NA,NA,NA,20,28,NA,NA,NA,NA,NA,NA,NA,26,NA,NA,4,1,0,0,0,0,4,Refractory metal base HEAs and CCAs ,8.1,NA,490,1,C,1965,2054,5,113,NA
AlNb1.5Ta0.5Ti1.5Zr0.5,20,NA,NA,NA,NA,NA,NA,30,NA,NA,NA,NA,10,30,NA,NA,NA,NA,NA,NA,NA,10,NA,NA,4,1,0,0,0,0,4,Refractory metal base HEAs and CCAs ,6.8,NA,408,1,C,1280,1367,4,106,NA
AlNbTiV,25,NA,NA,NA,NA,NA,NA,25,NA,NA,NA,NA,NA,25,NA,NA,NA,25,NA,NA,NA,NA,NA,NA,4,1,0,0,0,0,4,Refractory metal base HEAs and CCAs ,5.5,NA,448,1,C,1020,1318,5,105,NA
AlNbTiV,25,NA,NA,NA,NA,NA,NA,25,NA,NA,NA,NA,NA,25,NA,NA,NA,25,NA,NA,NA,NA,NA,NA,4,1,0,0,0,0,4,Refractory metal base HEAs and CCAs ,5.5,NA,NA,1,C,1000,1280,5,105,NA
CrHfNbTiZr,NA,NA,20,NA,NA,20,NA,20,NA,NA,NA,NA,NA,20,NA,NA,NA,NA,NA,NA,NA,20,NA,NA,4,1,0,1,0,0,4,Refractory metal base HEAs and CCAs ,8.2,NA,464,1,C,1375,2130,3,NA,112
CrMo0.5NbTa0.5TiZr,NA,NA,20,NA,NA,NA,10,20,NA,NA,NA,NA,10,20,NA,NA,NA,NA,NA,NA,NA,20,NA,NA,4,1,0,1,0,0,4,Refractory metal base HEAs and CCAs ,8,NA,540,1,C,1595,2046,5,NA,NA
CrNbTiVZr,NA,NA,20,NA,NA,NA,NA,20,NA,NA,NA,NA,NA,20,NA,NA,NA,20,NA,NA,NA,20,NA,NA,4,1,0,1,0,0,4,Refractory metal base HEAs and CCAs ,6.6,NA,482,1,C,1298,NA,3,NA,NA
CrNbTiZr,NA,NA,25,NA,NA,NA,NA,25,NA,NA,NA,NA,NA,25,NA,NA,NA,NA,NA,NA,NA,25,NA,NA,4,1,0,1,0,0,4,Refractory metal base HEAs and CCAs ,6.6,NA,418,1,C,1260,NA,6,NA,NA
FeMoNiTiVZr,NA,NA,NA,NA,16.67,NA,16.67,NA,NA,NA,NA,NA,NA,16.67,NA,16.67,NA,16.67,NA,NA,NA,16.67,NA,NA,4,1,0,1,0,0,4,Refractory metal base HEAs and CCAs ,7.1,NA,740,,NA,NA,NA,NA,NA,NA
Hf0.5Mo0.5NbTiZr,NA,NA,NA,NA,NA,12.5,12.5,25,NA,NA,NA,NA,NA,25,NA,NA,NA,NA,NA,NA,NA,25,NA,NA,4,1,0,1,0,0,4,Refractory metal base HEAs and CCAs ,7.9,NA,400,1,C,1178,NA,25,NA,NA
Hf0.5Mo0.5NbSi0.1TiZr,NA,NA,NA,NA,NA,12.2,12.2,24.39,NA,NA,NA,NA,NA,24.39,NA,NA,2.44,NA,NA,NA,NA,24.39,NA,NA,4,1,0,1,0,0,4,Refractory metal base HEAs and CCAs ,7.7,NA,442,1,C,1365,NA,28,NA,NA
Hf0.5Mo0.5NbSi0.3TiZr,NA,NA,NA,NA,NA,11.63,11.63,23.26,NA,NA,NA,NA,NA,23.26,NA,NA,6.98,NA,NA,NA,NA,23.26,NA,NA,4,1,0,1,0,0,4,Refractory metal base HEAs and CCAs ,7.5,NA,494,1,C,1428,NA,23,NA,NA
Hf0.5Mo0.5NbSi0.5TiZr,NA,NA,NA,NA,NA,11.11,11.11,22.22,NA,NA,NA,NA,NA,22.22,NA,NA,11.11,NA,NA,NA,NA,22.22,NA,NA,4,1,0,1,0,0,4,Refractory metal base HEAs and CCAs ,7.2,NA,524,1,C,1605,NA,23,NA,NA
Hf0.5Mo0.5NbSi0.7TiZr,NA,NA,NA,NA,NA,10.64,10.64,21.28,NA,NA,NA,NA,NA,21.28,NA,NA,14.89,NA,NA,NA,NA,21.28,NA,NA,4,1,0,1,0,0,4,Refractory metal base HEAs and CCAs ,7,NA,580,1,C,1604,NA,12,NA,NA
Hf0.5Mo0.5NbSi0.9TiZr,NA,NA,NA,NA,NA,10.2,10.2,20.41,NA,NA,NA,NA,NA,20.41,NA,NA,18.37,NA,NA,NA,NA,20.41,NA,NA,4,1,0,1,0,0,4,Refractory metal base HEAs and CCAs ,6.8,NA,640,1,C,1677,NA,9,NA,NA
Hf0.5Mo0.5NbTiZrC0.1,NA,NA,NA,NA,NA,12.2,12.2,24.39,NA,2.44,NA,NA,NA,24.39,NA,NA,NA,NA,NA,NA,NA,24.39,NA,NA,4,1,0,1,0,0,4,Refractory metal base HEAs and CCAs ,7.8,NA,NA,1,C,1183,2139,38,NA,NA
Hf0.5Mo0.5NbTiZrC0.3,NA,NA,NA,NA,NA,11.63,11.63,23.26,NA,6.98,NA,NA,NA,23.26,NA,NA,NA,NA,NA,NA,NA,23.26,NA,NA,4,1,0,1,0,0,4,Refractory metal base HEAs and CCAs ,7.7,NA,NA,1,C,1201,1965,33,NA,NA
HfMo0.25NbTaTiZr,NA,NA,NA,NA,NA,19.05,4.76,19.05,NA,NA,NA,NA,19.05,19.05,NA,NA,NA,NA,NA,NA,NA,19.05,NA,NA,4,1,0,0,0,0,4,Refractory metal base HEAs and CCAs ,9.9,9.9,395,1,C,1112,NA,50,121,96
HfMo0.5NbTaTiZr,NA,NA,NA,NA,NA,18.18,9.09,18.18,NA,NA,NA,NA,18.18,18.18,NA,NA,NA,NA,NA,NA,NA,18.18,NA,NA,4,1,0,0,0,0,4,Refractory metal base HEAs and CCAs ,9.9,10,480,1,C,1317,NA,50,130,102
HfMo0.75NbTaTiZr,NA,NA,NA,NA,NA,17.39,13.04,17.39,NA,NA,NA,NA,17.39,17.39,NA,NA,NA,NA,NA,NA,NA,17.39,NA,NA,4,1,0,0,0,0,4,Refractory metal base HEAs and CCAs ,9.9,10,492,1,C,1373,NA,50,139,109
HfMoNbTaTiZr,NA,NA,NA,NA,NA,16.67,16.67,16.67,NA,NA,NA,NA,16.67,16.67,NA,NA,NA,NA,NA,NA,NA,16.67,NA,NA,4,1,0,0,0,0,4,Refractory metal base HEAs and CCAs ,10,10,505,1,C,1512,NA,12,147,NA
HfMoNbTaTiZr,NA,NA,NA,NA,NA,16.67,16.67,16.67,NA,NA,NA,NA,16.67,16.67,NA,NA,NA,NA,NA,NA,NA,16.67,NA,NA,4,1,0,0,0,0,4,Refractory metal base HEAs and CCAs ,9.9,10,505,1,C,1512,NA,12,147,115
HfMoTaTiZr,NA,NA,NA,NA,NA,20,20,NA,NA,NA,NA,NA,20,20,NA,NA,NA,NA,NA,NA,NA,20,NA,NA,4,1,0,0,0,0,4,Refractory metal base HEAs and CCAs ,10.2,10.2,542,1,C,1600,NA,4,155,NA
HfMoNbZrTi,NA,NA,NA,NA,NA,20,20,20,NA,NA,NA,NA,NA,20,NA,NA,NA,NA,NA,NA,NA,20,NA,NA,4,1,0,0,0,0,4,Refractory metal base HEAs and CCAs ,8.7,NA,NA,1,C,1803,1719,10,139,NA
HfNbSi0.5TiV,NA,NA,NA,NA,NA,22.22,NA,22.22,NA,NA,NA,NA,NA,22.22,NA,NA,11.11,22.22,NA,NA,NA,NA,NA,NA,4,1,0,1,0,0,4,Refractory metal base HEAs and CCAs ,7.8,8.6,490,1,C,1399,1608,11,NA,NA
HfNbSi0.5TiVZr,NA,NA,NA,NA,NA,18.18,NA,18.18,NA,NA,NA,NA,NA,18.18,NA,NA,9.09,18.18,NA,NA,NA,18.18,NA,NA,4,1,0,1,0,0,4,Refractory metal base HEAs and CCAs ,7.5,7.8,464,1,C,1540,1643,17,NA,NA
HfNbTaZr,NA,NA,NA,NA,NA,25,NA,25,NA,NA,NA,NA,25,NA,NA,NA,NA,NA,NA,NA,NA,25,NA,NA,4,1,0,0,0,0,4,Refractory metal base HEAs and CCAs ,11.1,NA,365,1,C,1315,NA,NA,109,NA
Hf0.5Nb0.5Ta0.5Ti1.5Zr,NA,NA,NA,NA,NA,12.5,NA,12.5,NA,NA,NA,NA,12.5,37.5,NA,NA,NA,NA,NA,NA,NA,25,NA,NA,4,1,0,0,0,0,4,Refractory metal base HEAs and CCAs ,8.2,8.1,301,2,T,903,990,19,107,NA
HfNbTaTiZr,NA,NA,NA,NA,NA,20,NA,20,NA,NA,NA,NA,20,20,NA,NA,NA,NA,NA,NA,NA,20,NA,NA,4,1,0,0,0,0,4,Refractory metal base HEAs and CCAs ,9.9,9.9,335,1,C,1015,NA,50,111,85
HfNbTaTiZr,NA,NA,NA,NA,NA,20,NA,20,NA,NA,NA,NA,20,20,NA,NA,NA,NA,NA,NA,NA,20,NA,NA,4,1,0,0,0,0,4,Refractory metal base HEAs and CCAs ,9.9,9.7,295,1,C,1073,NA,50,111,55
HfNbTaTiZr,NA,NA,NA,NA,NA,20,NA,20,NA,NA,NA,NA,20,20,NA,NA,NA,NA,NA,NA,NA,20,NA,NA,4,1,0,0,0,0,4,Refractory metal base HEAs and CCAs ,9.9,NA,390,1,C,929,NA,50,111,NA
HfNbTiVZr,NA,NA,NA,NA,NA,20,NA,20,NA,NA,NA,NA,NA,20,NA,NA,NA,20,NA,NA,NA,20,NA,NA,4,1,0,1,0,0,4,Refractory metal base HEAs and CCAs ,8.1,NA,388,1,C,1170,1463,30,NA,128
HfNbTiZr,NA,NA,NA,NA,NA,25,NA,25,NA,NA,NA,NA,NA,25,NA,NA,NA,NA,NA,NA,NA,25,NA,NA,4,1,0,0,0,0,4,Refractory metal base HEAs and CCAs ,8.4,NA,NA,2,T,879,969,15,92,NA
MoNbTaV,NA,NA,NA,NA,NA,NA,25,25,NA,NA,NA,NA,25,NA,NA,NA,NA,25,NA,NA,NA,NA,NA,NA,4,1,0,0,0,0,4,Refractory metal base HEAs and CCAs ,10.7,NA,504,1,C,1525,2400,21,187,NA
MoNbTaVW,NA,NA,NA,NA,NA,NA,20,20,NA,NA,NA,NA,20,NA,NA,NA,NA,20,NA,NA,20,NA,NA,NA,4,1,0,0,0,0,4,Refractory metal base HEAs and CCAs ,12.4,NA,536,1,C,1246,1270,2,232,NA
MoNbTaW,NA,NA,NA,NA,NA,NA,25,25,NA,NA,NA,NA,25,NA,NA,NA,NA,NA,NA,NA,25,NA,NA,NA,4,1,0,0,0,0,4,Refractory metal base HEAs and CCAs ,13.7,NA,454,1,C,1058,1211,2,258,NA
MoNbTiV,NA,NA,NA,NA,NA,NA,25,25,NA,NA,NA,NA,NA,25,NA,NA,NA,25,NA,NA,NA,NA,NA,NA,4,1,0,0,0,0,4,Refractory metal base HEAs and CCAs ,7.3,NA,441,1,C,1200,NA,26,170,NA
Mo0.3NbTiVZr,NA,NA,NA,NA,NA,NA,6.98,23.26,NA,NA,NA,NA,NA,23.26,NA,NA,NA,23.26,NA,NA,NA,23.26,NA,NA,4,1,0,0,0,0,4,Refractory metal base HEAs and CCAs ,NA,6.7,NA,1,C,1289,NA,42,NA,NA
Mo0.5NbTiVZr,NA,NA,NA,NA,NA,NA,11.11,22.22,NA,NA,NA,NA,NA,22.22,NA,NA,NA,22.22,NA,NA,NA,22.22,NA,NA,4,1,0,0,0,0,4,Refractory metal base HEAs and CCAs ,NA,6.8,NA,1,C,1473,NA,32,NA,NA
Mo0.7NbTiVZr,NA,NA,NA,NA,NA,NA,14.89,21.28,NA,NA,NA,NA,NA,21.28,NA,NA,NA,21.28,NA,NA,NA,21.28,NA,NA,4,1,0,0,0,0,4,Refractory metal base HEAs and CCAs ,NA,7,NA,1,C,1706,NA,32,NA,NA
MoNbTiVZr,NA,NA,NA,NA,NA,NA,20,20,NA,NA,NA,NA,NA,20,NA,NA,NA,20,NA,NA,NA,20,NA,NA,4,1,0,0,0,0,4,Refractory metal base HEAs and CCAs ,NA,7.1,NA,1,C,1779,NA,32,NA,NA
Mo1.3NbTiVZr,NA,NA,NA,NA,NA,NA,24.53,18.87,NA,NA,NA,NA,NA,18.87,NA,NA,NA,18.87,NA,NA,NA,18.87,NA,NA,4,1,0,0,0,0,4,Refractory metal base HEAs and CCAs ,NA,7.3,NA,1,C,1496,NA,30,NA,NA
Mo1.5NbTiVZr,NA,NA,NA,NA,NA,NA,27.27,18.18,NA,NA,NA,NA,NA,18.18,NA,NA,NA,18.18,NA,NA,NA,18.18,NA,NA,4,1,0,0,0,0,4,Refractory metal base HEAs and CCAs ,NA,7.4,NA,1,C,1603,NA,20,NA,NA
Mo1.7NbTiVZr,NA,NA,NA,NA,NA,NA,29.82,17.54,NA,NA,NA,NA,NA,17.54,NA,NA,NA,17.54,NA,NA,NA,17.54,NA,NA,4,1,0,0,0,0,4,Refractory metal base HEAs and CCAs ,NA,7.5,NA,1,C,1645,NA,15,NA,NA
Mo2NbTiVZr,NA,NA,NA,NA,NA,NA,33.33,16.67,NA,NA,NA,NA,NA,16.67,NA,NA,NA,16.67,NA,NA,NA,16.67,NA,NA,4,1,0,0,0,0,4,Refractory metal base HEAs and CCAs ,NA,7.6,NA,1,C,1765,NA,12,NA,NA
MoNbTiV0.25Zr,NA,NA,NA,NA,NA,NA,23.53,23.53,NA,NA,NA,NA,NA,23.53,NA,NA,NA,5.88,NA,NA,NA,23.53,NA,NA,4,1,0,0,0,0,4,Refractory metal base HEAs and CCAs ,7.3,NA,NA,1,C,1776,3893,30,153,NA
MoNbTiV0.50Zr,NA,NA,NA,NA,NA,NA,22.22,22.22,NA,NA,NA,NA,NA,22.22,NA,NA,NA,11.11,NA,NA,NA,22.22,NA,NA,4,1,0,0,0,0,4,Refractory metal base HEAs and CCAs ,7.2,NA,NA,1,C,1647,3307,28,152,NA
MoNbTiV0.75Zr,NA,NA,NA,NA,NA,NA,21.05,21.05,NA,NA,NA,NA,NA,21.05,NA,NA,NA,15.79,NA,NA,NA,21.05,NA,NA,4,1,0,0,0,0,4,Refractory metal base HEAs and CCAs ,7.2,NA,NA,1,C,1708,3929,29,150,NA
MoNbTiV1.0Zr,NA,NA,NA,NA,NA,NA,20,20,NA,NA,NA,NA,NA,20,NA,NA,NA,20,NA,NA,NA,20,NA,NA,4,1,0,0,0,0,4,Refractory metal base HEAs and CCAs ,7.1,NA,NA,1,C,1786,3828,26,149,NA
MoNbTiV1.5Zr,NA,NA,NA,NA,NA,NA,18.18,18.18,NA,NA,NA,NA,NA,18.18,NA,NA,NA,27.27,NA,NA,NA,18.18,NA,NA,4,1,0,0,0,0,4,Refractory metal base HEAs and CCAs ,7.1,NA,NA,1,C,1735,3300,20,147,NA
MoNbTiV2.0Zr,NA,NA,NA,NA,NA,NA,16.67,16.67,NA,NA,NA,NA,NA,16.67,NA,NA,NA,33.33,NA,NA,NA,16.67,NA,NA,4,1,0,0,0,0,4,Refractory metal base HEAs and CCAs ,7,NA,NA,1,C,1538,3176,23,146,NA
MoNbTiV3.0Zr,NA,NA,NA,NA,NA,NA,14.29,14.29,NA,NA,NA,NA,NA,14.29,NA,NA,NA,42.86,NA,NA,NA,14.29,NA,NA,4,1,0,0,0,0,4,Refractory metal base HEAs and CCAs ,6.9,NA,NA,1,C,1418,2508,24,143,NA
MoNbTiZr,NA,NA,NA,NA,NA,NA,25,25,NA,NA,NA,NA,NA,25,NA,NA,NA,NA,NA,NA,NA,25,NA,NA,4,1,0,0,0,0,4,Refractory metal base HEAs and CCAs ,7.3,NA,NA,1,C,1592,3450,34,155,NA
NbTaTiV,NA,NA,NA,NA,NA,NA,NA,25,NA,NA,NA,NA,25,25,NA,NA,NA,25,NA,NA,NA,NA,NA,NA,4,1,0,0,0,0,4,Refractory metal base HEAs and CCAs ,9.2,NA,NA,1,C,1092,NA,NA,134,106
NbTaVW,NA,NA,NA,NA,NA,NA,NA,25,NA,NA,NA,NA,25,NA,NA,NA,NA,25,NA,NA,25,NA,NA,NA,4,1,0,0,0,0,4,Refractory metal base HEAs and CCAs ,12.9,NA,492,1,C,1530,NA,12,208,NA
NbTaTiVW,NA,NA,NA,NA,NA,NA,NA,20,NA,NA,NA,NA,20,20,NA,NA,NA,20,NA,NA,20,NA,NA,NA,4,1,0,0,1,0,4,Refractory metal base HEAs and CCAs ,11.1,NA,447,1,C,1420,NA,20,NA,NA
NbTiV0.3Zr,NA,NA,NA,NA,NA,NA,NA,30.3,NA,NA,NA,NA,NA,30.3,NA,NA,NA,9.09,NA,NA,NA,30.3,NA,NA,4,1,0,0,0,0,4,Refractory metal base HEAs and CCAs ,NA,6.5,NA,1,C,866,NA,45,NA,NA
NbTiV0.3Mo0.1,NA,NA,NA,NA,NA,NA,4.17,41.67,NA,NA,NA,NA,NA,41.67,NA,NA,NA,12.5,NA,NA,NA,NA,NA,NA,4,1,0,0,0,0,4,Refractory metal base HEAs and CCAs ,NA,6.6,NA,1,C,932,NA,45,NA,NA
NbTiV0.3Mo0.3,NA,NA,NA,NA,NA,NA,11.54,38.46,NA,NA,NA,NA,NA,38.46,NA,NA,NA,11.54,NA,NA,NA,NA,NA,NA,4,1,0,0,0,0,4,Refractory metal base HEAs and CCAs ,NA,6.8,NA,1,C,1312,NA,50,NA,NA
NbTiV0.3Mo0.5,NA,NA,NA,NA,NA,NA,17.86,35.71,NA,NA,NA,NA,NA,35.71,NA,NA,NA,10.71,NA,NA,NA,NA,NA,NA,4,1,0,0,0,0,4,Refractory metal base HEAs and CCAs ,NA,6.9,NA,1,C,1301,NA,43,NA,NA
NbTiV0.3Mo0.7,NA,NA,NA,NA,NA,NA,23.33,33.33,NA,NA,NA,NA,NA,33.33,NA,NA,NA,10,NA,NA,NA,NA,NA,NA,4,1,0,0,0,0,4,Refractory metal base HEAs and CCAs ,NA,7.1,NA,1,C,1436,NA,27,NA,NA
NbTiV0.3Mo,NA,NA,NA,NA,NA,NA,30.3,30.3,NA,NA,NA,NA,NA,30.3,NA,NA,NA,9.09,NA,NA,NA,NA,NA,NA,4,1,0,0,0,0,4,Refractory metal base HEAs and CCAs ,NA,7.3,NA,1,C,1455,NA,25,NA,NA
NbTiV0.3Mo1.3,NA,NA,NA,NA,NA,NA,36.11,27.78,NA,NA,NA,NA,NA,27.78,NA,NA,NA,8.33,NA,NA,NA,NA,NA,NA,4,1,0,0,0,0,4,Refractory metal base HEAs and CCAs ,NA,7.4,NA,1,C,1603,NA,20,NA,NA
NbTiV0.3Mo1.5,NA,NA,NA,NA,NA,NA,39.47,26.32,NA,NA,NA,NA,NA,26.32,NA,NA,NA,7.89,NA,NA,NA,NA,NA,NA,4,1,0,0,0,0,4,Refractory metal base HEAs and CCAs ,NA,7.5,NA,1,C,1576,NA,8,NA,NA
NbTiVZr,NA,NA,NA,NA,NA,NA,NA,25,NA,NA,NA,NA,NA,25,NA,NA,NA,25,NA,NA,NA,25,NA,NA,4,1,0,0,0,0,4,Refractory metal base HEAs and CCAs ,NA,6.5,NA,1,C,1104,NA,50,NA,NA
NbTiVZr,NA,NA,NA,NA,NA,NA,NA,25,NA,NA,NA,NA,NA,25,NA,NA,NA,25,NA,NA,NA,25,NA,NA,4,1,0,0,0,0,4,Refractory metal base HEAs and CCAs ,6.5,NA,335,1,C,1105,NA,50,104,NA
NbTiV2Zr,NA,NA,NA,NA,NA,NA,NA,20,NA,NA,NA,NA,NA,20,NA,NA,NA,40,NA,NA,NA,20,NA,NA,5,1,0,0,0,0,4,Refractory metal base HEAs and CCAs ,6.4,NA,304,1,C,918,NA,50,109,NA
CoCrCuFeNiTiVZr,NA,12.5,12.5,12.5,12.5,NA,NA,NA,NA,NA,NA,NA,NA,12.5,NA,12.5,NA,12.5,NA,NA,NA,12.5,NA,NA,5,0,0,0,0,0,5,Other HEAs and CCAs ,7.1,NA,680,,NA,NA,NA,NA,168,NA
CoCrFeMoNiTiVZr,NA,12.5,12.5,NA,12.5,NA,12.5,NA,NA,NA,NA,NA,NA,12.5,NA,12.5,NA,12.5,NA,NA,NA,12.5,NA,NA,5,0,0,0,0,0,5,Other HEAs and CCAs ,7.3,NA,850,,NA,NA,NA,NA,193,NA
CoCuFeNiTiVZr,NA,14.29,NA,14.29,14.29,NA,NA,NA,NA,NA,NA,NA,NA,14.29,NA,14.29,NA,14.29,NA,NA,NA,14.29,NA,NA,5,0,0,0,0,0,5,Other HEAs and CCAs ,7.1,NA,630,,NA,NA,NA,NA,NA,NA
CoFeNiV,NA,25,NA,NA,25,NA,NA,NA,NA,NA,NA,NA,NA,NA,NA,25,NA,25,NA,NA,NA,NA,NA,NA,5,0,1,0,0,0,5,Other HEAs and CCAs ,7.8,NA,238,,NA,NA,NA,NA,187,NA
CoFeMo0.2NiV,NA,23.81,NA,NA,23.81,NA,4.76,NA,NA,NA,NA,NA,NA,NA,NA,23.81,NA,23.81,NA,NA,NA,NA,NA,NA,5,0,1,1,0,0,5,Other HEAs and CCAs ,8,NA,267,,NA,NA,NA,NA,NA,NA
CoFeMo0.4NiV,NA,22.73,NA,NA,22.73,NA,9.09,NA,NA,NA,NA,NA,NA,NA,NA,22.73,NA,22.73,NA,NA,NA,NA,NA,NA,5,0,1,1,0,0,5,Other HEAs and CCAs ,8.1,NA,402,,NA,NA,NA,NA,NA,NA
CoFeMo0.6NiV,NA,21.74,NA,NA,21.74,NA,13.04,NA,NA,NA,NA,NA,NA,NA,NA,21.74,NA,21.74,NA,NA,NA,NA,NA,NA,5,0,1,1,0,0,5,Other HEAs and CCAs ,8.2,NA,557,,NA,NA,NA,NA,NA,NA
CoFeMo0.8NiV,NA,20.83,NA,NA,20.83,NA,16.67,NA,NA,NA,NA,NA,NA,NA,NA,20.83,NA,20.83,NA,NA,NA,NA,NA,NA,5,0,1,1,0,0,5,Other HEAs and CCAs ,8.3,NA,606,,NA,NA,NA,NA,NA,NA
CoFeMoNiV,NA,20,NA,NA,20,NA,20,NA,NA,NA,NA,NA,NA,NA,NA,20,NA,20,NA,NA,NA,NA,NA,NA,5,0,1,1,0,0,5,Other HEAs and CCAs ,8.4,NA,625,,NA,NA,NA,NA,NA,NA
CoFeMoNi1.2V,NA,19.23,NA,NA,19.23,NA,19.23,NA,NA,NA,NA,NA,NA,NA,NA,23.08,NA,19.23,NA,NA,NA,NA,NA,NA,5,0,1,1,0,0,5,Other HEAs and CCAs ,8.4,NA,602,,NA,NA,NA,NA,NA,NA
CoFeMoNi1.4V,NA,18.52,NA,NA,18.52,NA,18.52,NA,NA,NA,NA,NA,NA,NA,NA,25.93,NA,18.52,NA,NA,NA,NA,NA,NA,5,0,1,1,0,0,5,Other HEAs and CCAs ,8.5,NA,538,,NA,NA,NA,NA,NA,NA
CoFeMoNi1.6V,NA,17.86,NA,NA,17.86,NA,17.86,NA,NA,NA,NA,NA,NA,NA,NA,28.57,NA,17.86,NA,NA,NA,NA,NA,NA,5,0,1,1,0,0,5,Other HEAs and CCAs ,8.5,NA,520,,NA,NA,NA,NA,NA,NA
CoFeMoNi1.8V,NA,17.24,NA,NA,17.24,NA,17.24,NA,NA,NA,NA,NA,NA,NA,NA,31.03,NA,17.24,NA,NA,NA,NA,NA,NA,5,0,1,1,0,0,5,Other HEAs and CCAs ,8.5,NA,510,,NA,NA,NA,NA,NA,NA
CoFeMoNi2V,NA,16.67,NA,NA,16.67,NA,16.67,NA,NA,NA,NA,NA,NA,NA,NA,33.33,NA,16.67,NA,NA,NA,NA,NA,NA,5,0,1,1,0,0,5,Other HEAs and CCAs ,8.5,NA,382,,NA,NA,NA,NA,NA,NA
CoFeMoNiTiVZr,NA,14.29,NA,NA,14.29,NA,14.29,NA,NA,NA,NA,NA,NA,14.29,NA,14.29,NA,14.29,NA,NA,NA,14.29,NA,NA,5,0,1,0,0,0,5,Other HEAs and CCAs ,7.3,NA,790,,NA,NA,NA,NA,NA,NA
CuFeNiTiVZr,NA,NA,NA,16.67,16.67,NA,NA,NA,NA,NA,NA,NA,NA,16.67,NA,16.67,NA,16.67,NA,NA,NA,16.67,NA,NA,5,0,1,0,0,0,5,Other HEAs and CCAs ,6.8,NA,590,,NA,NA,NA,NA,142,NA
CoCrCuFeMnNiTiV,NA,12.5,12.5,12.5,12.5,NA,NA,NA,NA,NA,NA,12.5,NA,12.5,NA,12.5,NA,12.5,NA,NA,NA,NA,NA,NA,5,1,1,1,0,0,5,Other HEAs and CCAs ,7.3,NA,NA,1,C,1312,1312,1,NA,74
